exp_number,task_id,job_id,job_state,job_exit_code,job_elapsed,run_id,strategy,n_target_labels,seed,config_path,experiment_dir,experiment_dir_exists,experiment_dir_populated,metrics_path,metrics_json_exists,metrics_parse_ok,status,status_reason,source_overlap_n,target_overlap_n,source_after_label_n,target_after_label_n,target_calibration_n,target_eval_n,source_train_n,source_test_n,actual_cal_n,actual_eval_n,target_r2,target_mae_log,target_smape,target_slope,target_intercept,target_r2_ci_lower,target_r2_ci_upper,target_r2_ci_mean,source_test_r2,log_out_path,log_err_path
3,1,10409707_1,COMPLETED,0:0,00:02:35,EXP-003_few_shot_main_full_target_seed1337,full_target,-1,1337,/home/jmckerra/Code/FRESCO-v4/experiments/EXP-003_few_shot_main_full_target_seed1337/config/EXP-003_few_shot_main_full_target_seed1337.json,/home/jmckerra/Code/FRESCO-v4/experiments/EXP-003_few_shot_main_full_target_seed1337,True,True,/home/jmckerra/Code/FRESCO-v4/experiments/EXP-003_few_shot_main_full_target_seed1337/results/metrics.json,True,True,complete,,6995,2459,6995,2455,1964,491,5596,1399,1964,491,0.13700205487385875,0.08226152151455429,75.67450998537252,0.9697989562871218,-0.0014785421514078522,0.0751016495614562,0.18398958829139578,0.13116544728623045,0.20910587917217016,/home/jmckerra/Code/FRESCO-v4/experiments/sweep_logs/exp003_main_10409707_1.out,/home/jmckerra/Code/FRESCO-v4/experiments/sweep_logs/exp003_main_10409707_1.err
4,2,10409707_2,COMPLETED,0:0,00:01:38,EXP-004_few_shot_main_full_target_seed2024,full_target,-1,2024,/home/jmckerra/Code/FRESCO-v4/experiments/EXP-004_few_shot_main_full_target_seed2024/config/EXP-004_few_shot_main_full_target_seed2024.json,/home/jmckerra/Code/FRESCO-v4/experiments/EXP-004_few_shot_main_full_target_seed2024,True,True,/home/jmckerra/Code/FRESCO-v4/experiments/EXP-004_few_shot_main_full_target_seed2024/results/metrics.json,True,True,complete,,3368,261,3368,260,208,52,2694,674,208,52,0.12047801267854419,0.10833746162113013,59.711596964791354,1.0342506882495326,-0.01198201112049028,-0.07976844742808953,0.25216937994623273,0.10164546351260124,0.23976142641769327,/home/jmckerra/Code/FRESCO-v4/experiments/sweep_logs/exp003_main_10409707_2.out,/home/jmckerra/Code/FRESCO-v4/experiments/sweep_logs/exp003_main_10409707_2.err
5,3,10409707_3,COMPLETED,0:0,00:01:33,EXP-005_few_shot_main_full_target_seed2025,full_target,-1,2025,/home/jmckerra/Code/FRESCO-v4/experiments/EXP-005_few_shot_main_full_target_seed2025/config/EXP-005_few_shot_main_full_target_seed2025.json,/home/jmckerra/Code/FRESCO-v4/experiments/EXP-005_few_shot_main_full_target_seed2025,True,True,/home/jmckerra/Code/FRESCO-v4/experiments/EXP-005_few_shot_main_full_target_seed2025/results/metrics.json,True,True,null_metrics,no data after filters; metrics not computed,0,191,0,191,0,191,0,0,0,191,,,,,,,,,,/home/jmckerra/Code/FRESCO-v4/experiments/sweep_logs/exp003_main_10409707_3.out,/home/jmckerra/Code/FRESCO-v4/experiments/sweep_logs/exp003_main_10409707_3.err
6,4,10409707_4,COMPLETED,0:0,00:01:41,EXP-006_few_shot_main_output_recal_n10_seed1337,output_recal,10,1337,/home/jmckerra/Code/FRESCO-v4/experiments/EXP-006_few_shot_main_output_recal_n10_seed1337/config/EXP-006_few_shot_main_output_recal_n10_seed1337.json,/home/jmckerra/Code/FRESCO-v4/experiments/EXP-006_few_shot_main_output_recal_n10_seed1337,True,True,/home/jmckerra/Code/FRESCO-v4/experiments/EXP-006_few_shot_main_output_recal_n10_seed1337/results/metrics.json,True,True,complete,,6995,2459,6995,2455,10,2445,5596,1399,10,2445,0.014474350918011525,0.07477794081727479,58.99629871858907,1.6688691636162505,-0.02200642522377744,-0.007543358469653748,0.0391668729219759,0.015356592246125114,0.20910587917217016,/home/jmckerra/Code/FRESCO-v4/experiments/sweep_logs/exp003_main_10409707_4.out,/home/jmckerra/Code/FRESCO-v4/experiments/sweep_logs/exp003_main_10409707_4.err
7,5,10409707_5,COMPLETED,0:0,00:01:35,EXP-007_few_shot_main_output_recal_n10_seed2024,output_recal,10,2024,/home/jmckerra/Code/FRESCO-v4/experiments/EXP-007_few_shot_main_output_recal_n10_seed2024/config/EXP-007_few_shot_main_output_recal_n10_seed2024.json,/home/jmckerra/Code/FRESCO-v4/experiments/EXP-007_few_shot_main_output_recal_n10_seed2024,True,True,/home/jmckerra/Code/FRESCO-v4/experiments/EXP-007_few_shot_main_output_recal_n10_seed2024/results/metrics.json,True,True,complete,,3368,261,3368,260,10,250,2694,674,10,250,0.049531569725545066,0.11212465345782706,64.67762446945787,1.6936887313738074,-0.100772230055787,-0.023797509373577552,0.09678859446003954,0.04415741718296827,0.23976142641769327,/home/jmckerra/Code/FRESCO-v4/experiments/sweep_logs/exp003_main_10409707_5.out,/home/jmckerra/Code/FRESCO-v4/experiments/sweep_logs/exp003_main_10409707_5.err
8,6,10409707_6,COMPLETED,0:0,00:01:31,EXP-008_few_shot_main_output_recal_n10_seed2025,output_recal,10,2025,/home/jmckerra/Code/FRESCO-v4/experiments/EXP-008_few_shot_main_output_recal_n10_seed2025/config/EXP-008_few_shot_main_output_recal_n10_seed2025.json,/home/jmckerra/Code/FRESCO-v4/experiments/EXP-008_few_shot_main_output_recal_n10_seed2025,True,True,/home/jmckerra/Code/FRESCO-v4/experiments/EXP-008_few_shot_main_output_recal_n10_seed2025/results/metrics.json,True,True,null_metrics,no data after filters; metrics not computed,0,191,0,191,0,191,0,0,0,191,,,,,,,,,,/home/jmckerra/Code/FRESCO-v4/experiments/sweep_logs/exp003_main_10409707_6.out,/home/jmckerra/Code/FRESCO-v4/experiments/sweep_logs/exp003_main_10409707_6.err
9,7,10409707_7,COMPLETED,0:0,00:01:47,EXP-009_few_shot_main_output_recal_n25_seed1337,output_recal,25,1337,/home/jmckerra/Code/FRESCO-v4/experiments/EXP-009_few_shot_main_output_recal_n25_seed1337/config/EXP-009_few_shot_main_output_recal_n25_seed1337.json,/home/jmckerra/Code/FRESCO-v4/experiments/EXP-009_few_shot_main_output_recal_n25_seed1337,True,True,/home/jmckerra/Code/FRESCO-v4/experiments/EXP-009_few_shot_main_output_recal_n25_seed1337/results/metrics.json,True,True,complete,,6995,2459,6995,2455,25,2430,5596,1399,25,2430,0.12190017216170168,0.08369846156344042,77.32861842699927,1.1334536696231061,-0.01887426059053769,0.09980830392307197,0.14137314743056487,0.12139794789861978,0.20910587917217016,/home/jmckerra/Code/FRESCO-v4/experiments/sweep_logs/exp003_main_10409707_7.out,/home/jmckerra/Code/FRESCO-v4/experiments/sweep_logs/exp003_main_10409707_7.err
10,8,10409707_8,COMPLETED,0:0,00:01:48,EXP-010_few_shot_main_output_recal_n25_seed2024,output_recal,25,2024,/home/jmckerra/Code/FRESCO-v4/experiments/EXP-010_few_shot_main_output_recal_n25_seed2024/config/EXP-010_few_shot_main_output_recal_n25_seed2024.json,/home/jmckerra/Code/FRESCO-v4/experiments/EXP-010_few_shot_main_output_recal_n25_seed2024,True,True,/home/jmckerra/Code/FRESCO-v4/experiments/EXP-010_few_shot_main_output_recal_n25_seed2024/results/metrics.json,True,True,complete,,3368,261,3368,260,25,235,2694,674,25,235,0.043392720249591066,0.11589371556438789,74.22029268684153,3.049591322481814,-0.36086785733476845,-0.009729644122696909,0.07238213539625528,0.03885075502143051,0.23976142641769327,/home/jmckerra/Code/FRESCO-v4/experiments/sweep_logs/exp003_main_10409707_8.out,/home/jmckerra/Code/FRESCO-v4/experiments/sweep_logs/exp003_main_10409707_8.err
11,9,10409707_9,COMPLETED,0:0,00:01:48,EXP-011_few_shot_main_output_recal_n25_seed2025,output_recal,25,2025,/home/jmckerra/Code/FRESCO-v4/experiments/EXP-011_few_shot_main_output_recal_n25_seed2025/config/EXP-011_few_shot_main_output_recal_n25_seed2025.json,/home/jmckerra/Code/FRESCO-v4/experiments/EXP-011_few_shot_main_output_recal_n25_seed2025,True,True,/home/jmckerra/Code/FRESCO-v4/experiments/EXP-011_few_shot_main_output_recal_n25_seed2025/results/metrics.json,True,True,null_metrics,no data after filters; metrics not computed,0,191,0,191,0,191,0,0,0,191,,,,,,,,,,/home/jmckerra/Code/FRESCO-v4/experiments/sweep_logs/exp003_main_10409707_9.out,/home/jmckerra/Code/FRESCO-v4/experiments/sweep_logs/exp003_main_10409707_9.err
12,10,10409707_10,COMPLETED,0:0,00:02:01,EXP-012_few_shot_main_output_recal_n50_seed1337,output_recal,50,1337,/home/jmckerra/Code/FRESCO-v4/experiments/EXP-012_few_shot_main_output_recal_n50_seed1337/config/EXP-012_few_shot_main_output_recal_n50_seed1337.json,/home/jmckerra/Code/FRESCO-v4/experiments/EXP-012_few_shot_main_output_recal_n50_seed1337,True,True,/home/jmckerra/Code/FRESCO-v4/experiments/EXP-012_few_shot_main_output_recal_n50_seed1337/results/metrics.json,True,True,complete,,6995,2459,6995,2455,50,2405,5596,1399,50,2405,0.09545100758394165,0.08597118211573497,82.16947147043321,0.7040051530336763,0.029908635483568344,0.056973873815587925,0.13239066179682166,0.09441399161324547,0.20910587917217016,/home/jmckerra/Code/FRESCO-v4/experiments/sweep_logs/exp003_main_10409707_10.out,/home/jmckerra/Code/FRESCO-v4/experiments/sweep_logs/exp003_main_10409707_10.err
13,11,10409707_11,COMPLETED,0:0,00:03:11,EXP-013_few_shot_main_output_recal_n50_seed2024,output_recal,50,2024,/home/jmckerra/Code/FRESCO-v4/experiments/EXP-013_few_shot_main_output_recal_n50_seed2024/config/EXP-013_few_shot_main_output_recal_n50_seed2024.json,/home/jmckerra/Code/FRESCO-v4/experiments/EXP-013_few_shot_main_output_recal_n50_seed2024,True,True,/home/jmckerra/Code/FRESCO-v4/experiments/EXP-013_few_shot_main_output_recal_n50_seed2024/results/metrics.json,True,True,complete,,3368,261,3368,260,50,210,2694,674,50,210,0.011835391556354713,0.11986350113428278,77.82036336927354,11.840924012965631,-2.0050296870298,-0.035689139333226885,0.02547436982084851,0.007075317804940228,0.23976142641769327,/home/jmckerra/Code/FRESCO-v4/experiments/sweep_logs/exp003_main_10409707_11.out,/home/jmckerra/Code/FRESCO-v4/experiments/sweep_logs/exp003_main_10409707_11.err
14,12,10409707_12,COMPLETED,0:0,00:03:11,EXP-014_few_shot_main_output_recal_n50_seed2025,output_recal,50,2025,/home/jmckerra/Code/FRESCO-v4/experiments/EXP-014_few_shot_main_output_recal_n50_seed2025/config/EXP-014_few_shot_main_output_recal_n50_seed2025.json,/home/jmckerra/Code/FRESCO-v4/experiments/EXP-014_few_shot_main_output_recal_n50_seed2025,True,True,/home/jmckerra/Code/FRESCO-v4/experiments/EXP-014_few_shot_main_output_recal_n50_seed2025/results/metrics.json,True,True,null_metrics,no data after filters; metrics not computed,0,191,0,191,0,191,0,0,0,191,,,,,,,,,,/home/jmckerra/Code/FRESCO-v4/experiments/sweep_logs/exp003_main_10409707_12.out,/home/jmckerra/Code/FRESCO-v4/experiments/sweep_logs/exp003_main_10409707_12.err
15,13,10409707_13,COMPLETED,0:0,00:03:11,EXP-015_few_shot_main_output_recal_n100_seed1337,output_recal,100,1337,/home/jmckerra/Code/FRESCO-v4/experiments/EXP-015_few_shot_main_output_recal_n100_seed1337/config/EXP-015_few_shot_main_output_recal_n100_seed1337.json,/home/jmckerra/Code/FRESCO-v4/experiments/EXP-015_few_shot_main_output_recal_n100_seed1337,True,True,/home/jmckerra/Code/FRESCO-v4/experiments/EXP-015_few_shot_main_output_recal_n100_seed1337/results/metrics.json,True,True,complete,,6995,2459,6995,2455,100,2355,5596,1399,100,2355,0.08775862790683064,0.0829778680293171,80.58988537246381,0.6729710585578842,0.04419517087810403,0.0467467904284339,0.12412186336155454,0.08779087590288373,0.20910587917217016,/home/jmckerra/Code/FRESCO-v4/experiments/sweep_logs/exp003_main_10409707_13.out,/home/jmckerra/Code/FRESCO-v4/experiments/sweep_logs/exp003_main_10409707_13.err
16,14,10409707_14,COMPLETED,0:0,00:03:11,EXP-016_few_shot_main_output_recal_n100_seed2024,output_recal,100,2024,/home/jmckerra/Code/FRESCO-v4/experiments/EXP-016_few_shot_main_output_recal_n100_seed2024/config/EXP-016_few_shot_main_output_recal_n100_seed2024.json,/home/jmckerra/Code/FRESCO-v4/experiments/EXP-016_few_shot_main_output_recal_n100_seed2024,True,True,/home/jmckerra/Code/FRESCO-v4/experiments/EXP-016_few_shot_main_output_recal_n100_seed2024/results/metrics.json,True,True,complete,,3368,261,3368,260,100,160,2694,674,100,160,0.09419720469304793,0.11210135805101418,67.48587571175318,1.6218659805743256,-0.10587293214379188,0.021632426400370372,0.14965977280661397,0.08526385542710674,0.23976142641769327,/home/jmckerra/Code/FRESCO-v4/experiments/sweep_logs/exp003_main_10409707_14.out,/home/jmckerra/Code/FRESCO-v4/experiments/sweep_logs/exp003_main_10409707_14.err
17,15,10409707_15,COMPLETED,0:0,00:02:13,EXP-017_few_shot_main_output_recal_n100_seed2025,output_recal,100,2025,/home/jmckerra/Code/FRESCO-v4/experiments/EXP-017_few_shot_main_output_recal_n100_seed2025/config/EXP-017_few_shot_main_output_recal_n100_seed2025.json,/home/jmckerra/Code/FRESCO-v4/experiments/EXP-017_few_shot_main_output_recal_n100_seed2025,True,True,/home/jmckerra/Code/FRESCO-v4/experiments/EXP-017_few_shot_main_output_recal_n100_seed2025/results/metrics.json,True,True,null_metrics,no data after filters; metrics not computed,0,191,0,191,0,191,0,0,0,191,,,,,,,,,,/home/jmckerra/Code/FRESCO-v4/experiments/sweep_logs/exp003_main_10409707_15.out,/home/jmckerra/Code/FRESCO-v4/experiments/sweep_logs/exp003_main_10409707_15.err
18,16,10409707_16,COMPLETED,0:0,00:02:13,EXP-018_few_shot_main_output_recal_n200_seed1337,output_recal,200,1337,/home/jmckerra/Code/FRESCO-v4/experiments/EXP-018_few_shot_main_output_recal_n200_seed1337/config/EXP-018_few_shot_main_output_recal_n200_seed1337.json,/home/jmckerra/Code/FRESCO-v4/experiments/EXP-018_few_shot_main_output_recal_n200_seed1337,True,True,/home/jmckerra/Code/FRESCO-v4/experiments/EXP-018_few_shot_main_output_recal_n200_seed1337/results/metrics.json,True,True,complete,,6995,2459,6995,2455,200,2255,5596,1399,200,2255,0.1160577491085184,0.08300120588563349,79.02953851883389,0.8249686962821337,0.018469974584825768,0.08377270038128892,0.14372308978884984,0.11364874321650874,0.20910587917217016,/home/jmckerra/Code/FRESCO-v4/experiments/sweep_logs/exp003_main_10409707_16.out,/home/jmckerra/Code/FRESCO-v4/experiments/sweep_logs/exp003_main_10409707_16.err
19,17,10409707_17,COMPLETED,0:0,00:02:13,EXP-019_few_shot_main_output_recal_n200_seed2024,output_recal,200,2024,/home/jmckerra/Code/FRESCO-v4/experiments/EXP-019_few_shot_main_output_recal_n200_seed2024/config/EXP-019_few_shot_main_output_recal_n200_seed2024.json,/home/jmckerra/Code/FRESCO-v4/experiments/EXP-019_few_shot_main_output_recal_n200_seed2024,True,True,/home/jmckerra/Code/FRESCO-v4/experiments/EXP-019_few_shot_main_output_recal_n200_seed2024/results/metrics.json,True,True,complete,,3368,261,3368,260,200,60,2694,674,200,60,0.01828964596776772,0.11368766404742423,58.53027988574946,0.7010462261478579,0.07532897789623544,-0.23287761446238364,0.18558482687860037,-0.003032661654021012,0.23976142641769327,/home/jmckerra/Code/FRESCO-v4/experiments/sweep_logs/exp003_main_10409707_17.out,/home/jmckerra/Code/FRESCO-v4/experiments/sweep_logs/exp003_main_10409707_17.err
20,18,10409707_18,COMPLETED,0:0,00:02:13,EXP-020_few_shot_main_output_recal_n200_seed2025,output_recal,200,2025,/home/jmckerra/Code/FRESCO-v4/experiments/EXP-020_few_shot_main_output_recal_n200_seed2025/config/EXP-020_few_shot_main_output_recal_n200_seed2025.json,/home/jmckerra/Code/FRESCO-v4/experiments/EXP-020_few_shot_main_output_recal_n200_seed2025,True,True,/home/jmckerra/Code/FRESCO-v4/experiments/EXP-020_few_shot_main_output_recal_n200_seed2025/results/metrics.json,True,True,null_metrics,no data after filters; metrics not computed,0,191,0,191,0,191,0,0,0,191,,,,,,,,,,/home/jmckerra/Code/FRESCO-v4/experiments/sweep_logs/exp003_main_10409707_18.out,/home/jmckerra/Code/FRESCO-v4/experiments/sweep_logs/exp003_main_10409707_18.err
21,19,10409707_19,COMPLETED,0:0,00:02:25,EXP-021_few_shot_main_output_recal_n500_seed1337,output_recal,500,1337,/home/jmckerra/Code/FRESCO-v4/experiments/EXP-021_few_shot_main_output_recal_n500_seed1337/config/EXP-021_few_shot_main_output_recal_n500_seed1337.json,/home/jmckerra/Code/FRESCO-v4/experiments/EXP-021_few_shot_main_output_recal_n500_seed1337,True,True,/home/jmckerra/Code/FRESCO-v4/experiments/EXP-021_few_shot_main_output_recal_n500_seed1337/results/metrics.json,True,True,complete,,6995,2459,6995,2455,500,1955,5596,1399,500,1955,0.11177345923829263,0.08213714508794805,78.3782173374199,0.84979710862814,0.017800326827589977,0.07122123760676842,0.14606673998140038,0.11027653228781827,0.20910587917217016,/home/jmckerra/Code/FRESCO-v4/experiments/sweep_logs/exp003_main_10409707_19.out,/home/jmckerra/Code/FRESCO-v4/experiments/sweep_logs/exp003_main_10409707_19.err
22,20,10409707_20,FAILED,1:0,00:02:25,EXP-022_few_shot_main_output_recal_n500_seed2024,output_recal,500,2024,/home/jmckerra/Code/FRESCO-v4/experiments/EXP-022_few_shot_main_output_recal_n500_seed2024/config/EXP-022_few_shot_main_output_recal_n500_seed2024.json,/home/jmckerra/Code/FRESCO-v4/experiments/EXP-022_few_shot_main_output_recal_n500_seed2024,True,True,/home/jmckerra/Code/FRESCO-v4/experiments/EXP-022_few_shot_main_output_recal_n500_seed2024/results/metrics.json,False,False,missing_metrics,"ValueError: Found array with 0 sample(s) (shape=(0, 5)) while a minimum of 1 is required by SimpleImputer.",3368,261,3368,260,260,0,2694,674,,,,,,,,,,,,/home/jmckerra/Code/FRESCO-v4/experiments/sweep_logs/exp003_main_10409707_20.out,/home/jmckerra/Code/FRESCO-v4/experiments/sweep_logs/exp003_main_10409707_20.err
23,21,10409707_21,COMPLETED,0:0,00:02:25,EXP-023_few_shot_main_output_recal_n500_seed2025,output_recal,500,2025,/home/jmckerra/Code/FRESCO-v4/experiments/EXP-023_few_shot_main_output_recal_n500_seed2025/config/EXP-023_few_shot_main_output_recal_n500_seed2025.json,/home/jmckerra/Code/FRESCO-v4/experiments/EXP-023_few_shot_main_output_recal_n500_seed2025,True,True,/home/jmckerra/Code/FRESCO-v4/experiments/EXP-023_few_shot_main_output_recal_n500_seed2025/results/metrics.json,True,True,null_metrics,no data after filters; metrics not computed,0,191,0,191,0,191,0,0,0,191,,,,,,,,,,/home/jmckerra/Code/FRESCO-v4/experiments/sweep_logs/exp003_main_10409707_21.out,/home/jmckerra/Code/FRESCO-v4/experiments/sweep_logs/exp003_main_10409707_21.err
24,22,10409707_22,COMPLETED,0:0,00:02:25,EXP-024_few_shot_main_fine_tune_n10_seed1337,fine_tune,10,1337,/home/jmckerra/Code/FRESCO-v4/experiments/EXP-024_few_shot_main_fine_tune_n10_seed1337/config/EXP-024_few_shot_main_fine_tune_n10_seed1337.json,/home/jmckerra/Code/FRESCO-v4/experiments/EXP-024_few_shot_main_fine_tune_n10_seed1337,True,True,/home/jmckerra/Code/FRESCO-v4/experiments/EXP-024_few_shot_main_fine_tune_n10_seed1337/results/metrics.json,True,True,complete,,6995,2459,6995,2455,10,2445,5596,1399,10,2445,0.08806500031691322,0.07640985375144971,61.52498918226665,0.8801944828425398,0.030668705984925687,0.061414481296530245,0.11521970205643323,0.08780389201023596,0.20910587917217016,/home/jmckerra/Code/FRESCO-v4/experiments/sweep_logs/exp003_main_10409707_22.out,/home/jmckerra/Code/FRESCO-v4/experiments/sweep_logs/exp003_main_10409707_22.err
25,23,10409707_23,COMPLETED,0:0,00:03:20,EXP-025_few_shot_main_fine_tune_n10_seed2024,fine_tune,10,2024,/home/jmckerra/Code/FRESCO-v4/experiments/EXP-025_few_shot_main_fine_tune_n10_seed2024/config/EXP-025_few_shot_main_fine_tune_n10_seed2024.json,/home/jmckerra/Code/FRESCO-v4/experiments/EXP-025_few_shot_main_fine_tune_n10_seed2024,True,True,/home/jmckerra/Code/FRESCO-v4/experiments/EXP-025_few_shot_main_fine_tune_n10_seed2024/results/metrics.json,True,True,complete,,3368,261,3368,260,10,250,2694,674,10,250,-0.05540092044004474,0.11480783144171515,73.2355779544756,0.5980991997961368,0.1019008479272392,-0.147763167922504,0.006880136622297071,-0.06344504374055787,0.23976142641769327,/home/jmckerra/Code/FRESCO-v4/experiments/sweep_logs/exp003_main_10409707_23.out,/home/jmckerra/Code/FRESCO-v4/experiments/sweep_logs/exp003_main_10409707_23.err
26,24,10409707_24,COMPLETED,0:0,00:03:20,EXP-026_few_shot_main_fine_tune_n10_seed2025,fine_tune,10,2025,/home/jmckerra/Code/FRESCO-v4/experiments/EXP-026_few_shot_main_fine_tune_n10_seed2025/config/EXP-026_few_shot_main_fine_tune_n10_seed2025.json,/home/jmckerra/Code/FRESCO-v4/experiments/EXP-026_few_shot_main_fine_tune_n10_seed2025,True,True,/home/jmckerra/Code/FRESCO-v4/experiments/EXP-026_few_shot_main_fine_tune_n10_seed2025/results/metrics.json,True,True,null_metrics,no data after filters; metrics not computed,0,191,0,191,0,191,0,0,0,191,,,,,,,,,,/home/jmckerra/Code/FRESCO-v4/experiments/sweep_logs/exp003_main_10409707_24.out,/home/jmckerra/Code/FRESCO-v4/experiments/sweep_logs/exp003_main_10409707_24.err
27,25,10409707_25,COMPLETED,0:0,00:03:20,EXP-027_few_shot_main_fine_tune_n25_seed1337,fine_tune,25,1337,/home/jmckerra/Code/FRESCO-v4/experiments/EXP-027_few_shot_main_fine_tune_n25_seed1337/config/EXP-027_few_shot_main_fine_tune_n25_seed1337.json,/home/jmckerra/Code/FRESCO-v4/experiments/EXP-027_few_shot_main_fine_tune_n25_seed1337,True,True,/home/jmckerra/Code/FRESCO-v4/experiments/EXP-027_few_shot_main_fine_tune_n25_seed1337/results/metrics.json,True,True,complete,,6995,2459,6995,2455,25,2430,5596,1399,25,2430,0.12989543998539888,0.08503680916004332,75.37012022478935,1.1727677546184683,-0.0277138742965445,0.10952037325878386,0.14879726207178287,0.12911341732201514,0.20910587917217016,/home/jmckerra/Code/FRESCO-v4/experiments/sweep_logs/exp003_main_10409707_25.out,/home/jmckerra/Code/FRESCO-v4/experiments/sweep_logs/exp003_main_10409707_25.err
28,26,10409707_26,COMPLETED,0:0,00:03:20,EXP-028_few_shot_main_fine_tune_n25_seed2024,fine_tune,25,2024,/home/jmckerra/Code/FRESCO-v4/experiments/EXP-028_few_shot_main_fine_tune_n25_seed2024/config/EXP-028_few_shot_main_fine_tune_n25_seed2024.json,/home/jmckerra/Code/FRESCO-v4/experiments/EXP-028_few_shot_main_fine_tune_n25_seed2024,True,True,/home/jmckerra/Code/FRESCO-v4/experiments/EXP-028_few_shot_main_fine_tune_n25_seed2024/results/metrics.json,True,True,complete,,3368,261,3368,260,25,235,2694,674,25,235,0.06926640909907789,0.11144630412337743,68.34689135150259,2.0730657796209297,-0.16892341429793978,0.008879969075564145,0.10504039464294354,0.06435791162974897,0.23976142641769327,/home/jmckerra/Code/FRESCO-v4/experiments/sweep_logs/exp003_main_10409707_26.out,/home/jmckerra/Code/FRESCO-v4/experiments/sweep_logs/exp003_main_10409707_26.err
29,27,10409707_27,COMPLETED,0:0,00:03:27,EXP-029_few_shot_main_fine_tune_n25_seed2025,fine_tune,25,2025,/home/jmckerra/Code/FRESCO-v4/experiments/EXP-029_few_shot_main_fine_tune_n25_seed2025/config/EXP-029_few_shot_main_fine_tune_n25_seed2025.json,/home/jmckerra/Code/FRESCO-v4/experiments/EXP-029_few_shot_main_fine_tune_n25_seed2025,True,True,/home/jmckerra/Code/FRESCO-v4/experiments/EXP-029_few_shot_main_fine_tune_n25_seed2025/results/metrics.json,True,True,null_metrics,no data after filters; metrics not computed,0,191,0,191,0,191,0,0,0,191,,,,,,,,,,/home/jmckerra/Code/FRESCO-v4/experiments/sweep_logs/exp003_main_10409707_27.out,/home/jmckerra/Code/FRESCO-v4/experiments/sweep_logs/exp003_main_10409707_27.err
30,28,10409707_28,COMPLETED,0:0,00:03:27,EXP-030_few_shot_main_fine_tune_n50_seed1337,fine_tune,50,1337,/home/jmckerra/Code/FRESCO-v4/experiments/EXP-030_few_shot_main_fine_tune_n50_seed1337/config/EXP-030_few_shot_main_fine_tune_n50_seed1337.json,/home/jmckerra/Code/FRESCO-v4/experiments/EXP-030_few_shot_main_fine_tune_n50_seed1337,True,True,/home/jmckerra/Code/FRESCO-v4/experiments/EXP-030_few_shot_main_fine_tune_n50_seed1337/results/metrics.json,True,True,complete,,6995,2459,6995,2455,50,2405,5596,1399,50,2405,0.1095611160435418,0.08467326354069009,80.82578689371172,0.7553904428185652,0.024703706319169537,0.07378344810419342,0.1451650835576752,0.10880351454425458,0.20910587917217016,/home/jmckerra/Code/FRESCO-v4/experiments/sweep_logs/exp003_main_10409707_28.out,/home/jmckerra/Code/FRESCO-v4/experiments/sweep_logs/exp003_main_10409707_28.err
31,29,10409707_29,COMPLETED,0:0,00:03:27,EXP-031_few_shot_main_fine_tune_n50_seed2024,fine_tune,50,2024,/home/jmckerra/Code/FRESCO-v4/experiments/EXP-031_few_shot_main_fine_tune_n50_seed2024/config/EXP-031_few_shot_main_fine_tune_n50_seed2024.json,/home/jmckerra/Code/FRESCO-v4/experiments/EXP-031_few_shot_main_fine_tune_n50_seed2024,True,True,/home/jmckerra/Code/FRESCO-v4/experiments/EXP-031_few_shot_main_fine_tune_n50_seed2024/results/metrics.json,True,True,complete,,3368,261,3368,260,50,210,2694,674,50,210,0.058020391322034404,0.11318053792625338,73.6151108080982,1.8357082533672326,-0.1257372280872783,0.001365050412199261,0.09279495685572281,0.05232657991037963,0.23976142641769327,/home/jmckerra/Code/FRESCO-v4/experiments/sweep_logs/exp003_main_10409707_29.out,/home/jmckerra/Code/FRESCO-v4/experiments/sweep_logs/exp003_main_10409707_29.err
32,30,10409707_30,COMPLETED,0:0,00:03:27,EXP-032_few_shot_main_fine_tune_n50_seed2025,fine_tune,50,2025,/home/jmckerra/Code/FRESCO-v4/experiments/EXP-032_few_shot_main_fine_tune_n50_seed2025/config/EXP-032_few_shot_main_fine_tune_n50_seed2025.json,/home/jmckerra/Code/FRESCO-v4/experiments/EXP-032_few_shot_main_fine_tune_n50_seed2025,True,True,/home/jmckerra/Code/FRESCO-v4/experiments/EXP-032_few_shot_main_fine_tune_n50_seed2025/results/metrics.json,True,True,null_metrics,no data after filters; metrics not computed,0,191,0,191,0,191,0,0,0,191,,,,,,,,,,/home/jmckerra/Code/FRESCO-v4/experiments/sweep_logs/exp003_main_10409707_30.out,/home/jmckerra/Code/FRESCO-v4/experiments/sweep_logs/exp003_main_10409707_30.err
33,31,10409707_31,COMPLETED,0:0,00:03:31,EXP-033_few_shot_main_fine_tune_n100_seed1337,fine_tune,100,1337,/home/jmckerra/Code/FRESCO-v4/experiments/EXP-033_few_shot_main_fine_tune_n100_seed1337/config/EXP-033_few_shot_main_fine_tune_n100_seed1337.json,/home/jmckerra/Code/FRESCO-v4/experiments/EXP-033_few_shot_main_fine_tune_n100_seed1337,True,True,/home/jmckerra/Code/FRESCO-v4/experiments/EXP-033_few_shot_main_fine_tune_n100_seed1337/results/metrics.json,True,True,complete,,6995,2459,6995,2455,100,2355,5596,1399,100,2355,0.1048240923054995,0.08224887350183374,78.4001498239332,0.7099705472639636,0.03773536391723791,0.06637161939419438,0.13853326597221124,0.10483139199428634,0.20910587917217016,/home/jmckerra/Code/FRESCO-v4/experiments/sweep_logs/exp003_main_10409707_31.out,/home/jmckerra/Code/FRESCO-v4/experiments/sweep_logs/exp003_main_10409707_31.err
34,32,10409707_32,COMPLETED,0:0,00:03:31,EXP-034_few_shot_main_fine_tune_n100_seed2024,fine_tune,100,2024,/home/jmckerra/Code/FRESCO-v4/experiments/EXP-034_few_shot_main_fine_tune_n100_seed2024/config/EXP-034_few_shot_main_fine_tune_n100_seed2024.json,/home/jmckerra/Code/FRESCO-v4/experiments/EXP-034_few_shot_main_fine_tune_n100_seed2024,True,True,/home/jmckerra/Code/FRESCO-v4/experiments/EXP-034_few_shot_main_fine_tune_n100_seed2024/results/metrics.json,True,True,complete,,3368,261,3368,260,100,160,2694,674,100,160,0.09642131578604429,0.10958438935678325,65.15729485055377,1.1832149103088576,-0.01960176377472421,0.020919847209285827,0.16278686344456206,0.08876116255268234,0.23976142641769327,/home/jmckerra/Code/FRESCO-v4/experiments/sweep_logs/exp003_main_10409707_32.out,/home/jmckerra/Code/FRESCO-v4/experiments/sweep_logs/exp003_main_10409707_32.err
35,33,10409707_33,COMPLETED,0:0,00:03:31,EXP-035_few_shot_main_fine_tune_n100_seed2025,fine_tune,100,2025,/home/jmckerra/Code/FRESCO-v4/experiments/EXP-035_few_shot_main_fine_tune_n100_seed2025/config/EXP-035_few_shot_main_fine_tune_n100_seed2025.json,/home/jmckerra/Code/FRESCO-v4/experiments/EXP-035_few_shot_main_fine_tune_n100_seed2025,True,True,/home/jmckerra/Code/FRESCO-v4/experiments/EXP-035_few_shot_main_fine_tune_n100_seed2025/results/metrics.json,True,True,null_metrics,no data after filters; metrics not computed,0,191,0,191,0,191,0,0,0,191,,,,,,,,,,/home/jmckerra/Code/FRESCO-v4/experiments/sweep_logs/exp003_main_10409707_33.out,/home/jmckerra/Code/FRESCO-v4/experiments/sweep_logs/exp003_main_10409707_33.err
36,34,10409707_34,COMPLETED,0:0,00:03:31,EXP-036_few_shot_main_fine_tune_n200_seed1337,fine_tune,200,1337,/home/jmckerra/Code/FRESCO-v4/experiments/EXP-036_few_shot_main_fine_tune_n200_seed1337/config/EXP-036_few_shot_main_fine_tune_n200_seed1337.json,/home/jmckerra/Code/FRESCO-v4/experiments/EXP-036_few_shot_main_fine_tune_n200_seed1337,True,True,/home/jmckerra/Code/FRESCO-v4/experiments/EXP-036_few_shot_main_fine_tune_n200_seed1337/results/metrics.json,True,True,complete,,6995,2459,6995,2455,200,2255,5596,1399,200,2255,0.12865382009861392,0.08212634027377318,76.18885848726073,0.8682542604155525,0.012485891928032303,0.09665337357865554,0.15655522352556195,0.1264092159268955,0.20910587917217016,/home/jmckerra/Code/FRESCO-v4/experiments/sweep_logs/exp003_main_10409707_34.out,/home/jmckerra/Code/FRESCO-v4/experiments/sweep_logs/exp003_main_10409707_34.err
37,35,10409707_35,COMPLETED,0:0,00:03:31,EXP-037_few_shot_main_fine_tune_n200_seed2024,fine_tune,200,2024,/home/jmckerra/Code/FRESCO-v4/experiments/EXP-037_few_shot_main_fine_tune_n200_seed2024/config/EXP-037_few_shot_main_fine_tune_n200_seed2024.json,/home/jmckerra/Code/FRESCO-v4/experiments/EXP-037_few_shot_main_fine_tune_n200_seed2024,True,True,/home/jmckerra/Code/FRESCO-v4/experiments/EXP-037_few_shot_main_fine_tune_n200_seed2024/results/metrics.json,True,True,complete,,3368,261,3368,260,200,60,2694,674,200,60,0.04998573878773527,0.11511571535846805,61.48268023158947,0.8331426745601775,0.045590657366225966,-0.1497154164413303,0.16469510161529735,0.029090645427985357,0.23976142641769327,/home/jmckerra/Code/FRESCO-v4/experiments/sweep_logs/exp003_main_10409707_35.out,/home/jmckerra/Code/FRESCO-v4/experiments/sweep_logs/exp003_main_10409707_35.err
38,36,10409707_36,COMPLETED,0:0,00:03:31,EXP-038_few_shot_main_fine_tune_n200_seed2025,fine_tune,200,2025,/home/jmckerra/Code/FRESCO-v4/experiments/EXP-038_few_shot_main_fine_tune_n200_seed2025/config/EXP-038_few_shot_main_fine_tune_n200_seed2025.json,/home/jmckerra/Code/FRESCO-v4/experiments/EXP-038_few_shot_main_fine_tune_n200_seed2025,True,True,/home/jmckerra/Code/FRESCO-v4/experiments/EXP-038_few_shot_main_fine_tune_n200_seed2025/results/metrics.json,True,True,null_metrics,no data after filters; metrics not computed,0,191,0,191,0,191,0,0,0,191,,,,,,,,,,/home/jmckerra/Code/FRESCO-v4/experiments/sweep_logs/exp003_main_10409707_36.out,/home/jmckerra/Code/FRESCO-v4/experiments/sweep_logs/exp003_main_10409707_36.err
39,37,10409707_37,COMPLETED,0:0,00:03:31,EXP-039_few_shot_main_fine_tune_n500_seed1337,fine_tune,500,1337,/home/jmckerra/Code/FRESCO-v4/experiments/EXP-039_few_shot_main_fine_tune_n500_seed1337/config/EXP-039_few_shot_main_fine_tune_n500_seed1337.json,/home/jmckerra/Code/FRESCO-v4/experiments/EXP-039_few_shot_main_fine_tune_n500_seed1337,True,True,/home/jmckerra/Code/FRESCO-v4/experiments/EXP-039_few_shot_main_fine_tune_n500_seed1337/results/metrics.json,True,True,complete,,6995,2459,6995,2455,500,1955,5596,1399,500,1955,0.12387318320708052,0.08080546677191118,70.92187474939973,0.881869781991252,0.013965422879144896,0.08783954254522948,0.1550692896609562,0.12257484547094681,0.20910587917217016,/home/jmckerra/Code/FRESCO-v4/experiments/sweep_logs/exp003_main_10409707_37.out,/home/jmckerra/Code/FRESCO-v4/experiments/sweep_logs/exp003_main_10409707_37.err
40,38,10409707_38,FAILED,1:0,00:03:30,EXP-040_few_shot_main_fine_tune_n500_seed2024,fine_tune,500,2024,/home/jmckerra/Code/FRESCO-v4/experiments/EXP-040_few_shot_main_fine_tune_n500_seed2024/config/EXP-040_few_shot_main_fine_tune_n500_seed2024.json,/home/jmckerra/Code/FRESCO-v4/experiments/EXP-040_few_shot_main_fine_tune_n500_seed2024,True,True,/home/jmckerra/Code/FRESCO-v4/experiments/EXP-040_few_shot_main_fine_tune_n500_seed2024/results/metrics.json,False,False,missing_metrics,"ValueError: Found array with 0 sample(s) (shape=(0, 5)) while a minimum of 1 is required by SimpleImputer.",3368,261,3368,260,260,0,2694,674,,,,,,,,,,,,/home/jmckerra/Code/FRESCO-v4/experiments/sweep_logs/exp003_main_10409707_38.out,/home/jmckerra/Code/FRESCO-v4/experiments/sweep_logs/exp003_main_10409707_38.err
41,39,10409707_39,COMPLETED,0:0,00:03:16,EXP-041_few_shot_main_fine_tune_n500_seed2025,fine_tune,500,2025,/home/jmckerra/Code/FRESCO-v4/experiments/EXP-041_few_shot_main_fine_tune_n500_seed2025/config/EXP-041_few_shot_main_fine_tune_n500_seed2025.json,/home/jmckerra/Code/FRESCO-v4/experiments/EXP-041_few_shot_main_fine_tune_n500_seed2025,True,True,/home/jmckerra/Code/FRESCO-v4/experiments/EXP-041_few_shot_main_fine_tune_n500_seed2025/results/metrics.json,True,True,null_metrics,no data after filters; metrics not computed,0,191,0,191,0,191,0,0,0,191,,,,,,,,,,/home/jmckerra/Code/FRESCO-v4/experiments/sweep_logs/exp003_main_10409707_39.out,/home/jmckerra/Code/FRESCO-v4/experiments/sweep_logs/exp003_main_10409707_39.err
42,40,10409707_40,COMPLETED,0:0,00:03:16,EXP-042_few_shot_main_stacked_n10_seed1337,stacked,10,1337,/home/jmckerra/Code/FRESCO-v4/experiments/EXP-042_few_shot_main_stacked_n10_seed1337/config/EXP-042_few_shot_main_stacked_n10_seed1337.json,/home/jmckerra/Code/FRESCO-v4/experiments/EXP-042_few_shot_main_stacked_n10_seed1337,True,True,/home/jmckerra/Code/FRESCO-v4/experiments/EXP-042_few_shot_main_stacked_n10_seed1337/results/metrics.json,True,True,complete,,6995,2459,6995,2455,10,2445,5596,1399,10,2445,0.04084243854990266,0.07570892102685645,60.20377558627447,0.8387189488070685,0.04398492133668291,0.011646421562950463,0.0710015180484408,0.04068571914662154,0.20910587917217016,/home/jmckerra/Code/FRESCO-v4/experiments/sweep_logs/exp003_main_10409707_40.out,/home/jmckerra/Code/FRESCO-v4/experiments/sweep_logs/exp003_main_10409707_40.err
43,41,10409707_41,COMPLETED,0:0,00:03:16,EXP-043_few_shot_main_stacked_n10_seed2024,stacked,10,2024,/home/jmckerra/Code/FRESCO-v4/experiments/EXP-043_few_shot_main_stacked_n10_seed2024/config/EXP-043_few_shot_main_stacked_n10_seed2024.json,/home/jmckerra/Code/FRESCO-v4/experiments/EXP-043_few_shot_main_stacked_n10_seed2024,True,True,/home/jmckerra/Code/FRESCO-v4/experiments/EXP-043_few_shot_main_stacked_n10_seed2024/results/metrics.json,True,True,complete,,3368,261,3368,260,10,250,2694,674,10,250,-0.031116230019125446,0.11932581103566527,75.7579675398832,0.579292070497421,0.10283034691385015,-0.09994918591642685,0.019170212268195173,-0.037327685837042504,0.23976142641769327,/home/jmckerra/Code/FRESCO-v4/experiments/sweep_logs/exp003_main_10409707_41.out,/home/jmckerra/Code/FRESCO-v4/experiments/sweep_logs/exp003_main_10409707_41.err
44,42,10409707_42,COMPLETED,0:0,00:03:16,EXP-044_few_shot_main_stacked_n10_seed2025,stacked,10,2025,/home/jmckerra/Code/FRESCO-v4/experiments/EXP-044_few_shot_main_stacked_n10_seed2025/config/EXP-044_few_shot_main_stacked_n10_seed2025.json,/home/jmckerra/Code/FRESCO-v4/experiments/EXP-044_few_shot_main_stacked_n10_seed2025,True,True,/home/jmckerra/Code/FRESCO-v4/experiments/EXP-044_few_shot_main_stacked_n10_seed2025/results/metrics.json,True,True,null_metrics,no data after filters; metrics not computed,0,191,0,191,0,191,0,0,0,191,,,,,,,,,,/home/jmckerra/Code/FRESCO-v4/experiments/sweep_logs/exp003_main_10409707_42.out,/home/jmckerra/Code/FRESCO-v4/experiments/sweep_logs/exp003_main_10409707_42.err
45,43,10409707_43,COMPLETED,0:0,00:03:26,EXP-045_few_shot_main_stacked_n25_seed1337,stacked,25,1337,/home/jmckerra/Code/FRESCO-v4/experiments/EXP-045_few_shot_main_stacked_n25_seed1337/config/EXP-045_few_shot_main_stacked_n25_seed1337.json,/home/jmckerra/Code/FRESCO-v4/experiments/EXP-045_few_shot_main_stacked_n25_seed1337,True,True,/home/jmckerra/Code/FRESCO-v4/experiments/EXP-045_few_shot_main_stacked_n25_seed1337/results/metrics.json,True,True,complete,,6995,2459,6995,2455,25,2430,5596,1399,25,2430,0.12138273864027849,0.08583734417403155,76.69096768921018,1.0678680641778286,-0.014989813858653426,0.10281282086111096,0.14037772305870624,0.12039515776585132,0.20910587917217016,/home/jmckerra/Code/FRESCO-v4/experiments/sweep_logs/exp003_main_10409707_43.out,/home/jmckerra/Code/FRESCO-v4/experiments/sweep_logs/exp003_main_10409707_43.err
46,44,10409707_44,COMPLETED,0:0,00:03:26,EXP-046_few_shot_main_stacked_n25_seed2024,stacked,25,2024,/home/jmckerra/Code/FRESCO-v4/experiments/EXP-046_few_shot_main_stacked_n25_seed2024/config/EXP-046_few_shot_main_stacked_n25_seed2024.json,/home/jmckerra/Code/FRESCO-v4/experiments/EXP-046_few_shot_main_stacked_n25_seed2024,True,True,/home/jmckerra/Code/FRESCO-v4/experiments/EXP-046_few_shot_main_stacked_n25_seed2024/results/metrics.json,True,True,complete,,3368,261,3368,260,25,235,2694,674,25,235,0.05906603180126957,0.11221091007570941,72.45155079579298,1.405878730893641,-0.05218291282089138,0.002808760780158152,0.09364303677559307,0.05429205925941672,0.23976142641769327,/home/jmckerra/Code/FRESCO-v4/experiments/sweep_logs/exp003_main_10409707_44.out,/home/jmckerra/Code/FRESCO-v4/experiments/sweep_logs/exp003_main_10409707_44.err
47,45,10409707_45,COMPLETED,0:0,00:03:26,EXP-047_few_shot_main_stacked_n25_seed2025,stacked,25,2025,/home/jmckerra/Code/FRESCO-v4/experiments/EXP-047_few_shot_main_stacked_n25_seed2025/config/EXP-047_few_shot_main_stacked_n25_seed2025.json,/home/jmckerra/Code/FRESCO-v4/experiments/EXP-047_few_shot_main_stacked_n25_seed2025,True,True,/home/jmckerra/Code/FRESCO-v4/experiments/EXP-047_few_shot_main_stacked_n25_seed2025/results/metrics.json,True,True,null_metrics,no data after filters; metrics not computed,0,191,0,191,0,191,0,0,0,191,,,,,,,,,,/home/jmckerra/Code/FRESCO-v4/experiments/sweep_logs/exp003_main_10409707_45.out,/home/jmckerra/Code/FRESCO-v4/experiments/sweep_logs/exp003_main_10409707_45.err
48,46,10409707_46,COMPLETED,0:0,00:03:26,EXP-048_few_shot_main_stacked_n50_seed1337,stacked,50,1337,/home/jmckerra/Code/FRESCO-v4/experiments/EXP-048_few_shot_main_stacked_n50_seed1337/config/EXP-048_few_shot_main_stacked_n50_seed1337.json,/home/jmckerra/Code/FRESCO-v4/experiments/EXP-048_few_shot_main_stacked_n50_seed1337,True,True,/home/jmckerra/Code/FRESCO-v4/experiments/EXP-048_few_shot_main_stacked_n50_seed1337/results/metrics.json,True,True,complete,,6995,2459,6995,2455,50,2405,5596,1399,50,2405,0.10874969956156189,0.08551618905702403,77.94980949589802,0.7382907681379138,0.024225049696462515,0.0708693336643475,0.1469976862266734,0.10796294422786873,0.20910587917217016,/home/jmckerra/Code/FRESCO-v4/experiments/sweep_logs/exp003_main_10409707_46.out,/home/jmckerra/Code/FRESCO-v4/experiments/sweep_logs/exp003_main_10409707_46.err
49,47,10409707_47,COMPLETED,0:0,00:03:55,EXP-049_few_shot_main_stacked_n50_seed2024,stacked,50,2024,/home/jmckerra/Code/FRESCO-v4/experiments/EXP-049_few_shot_main_stacked_n50_seed2024/config/EXP-049_few_shot_main_stacked_n50_seed2024.json,/home/jmckerra/Code/FRESCO-v4/experiments/EXP-049_few_shot_main_stacked_n50_seed2024,True,True,/home/jmckerra/Code/FRESCO-v4/experiments/EXP-049_few_shot_main_stacked_n50_seed2024/results/metrics.json,True,True,complete,,3368,261,3368,260,50,210,2694,674,50,210,-0.02294653256216872,0.11979415769502769,71.57831612377328,0.43103706203606884,0.11879732391174858,-0.09802675872364694,0.03832095393628323,-0.028410613151562618,0.23976142641769327,/home/jmckerra/Code/FRESCO-v4/experiments/sweep_logs/exp003_main_10409707_47.out,/home/jmckerra/Code/FRESCO-v4/experiments/sweep_logs/exp003_main_10409707_47.err
50,48,10409707_48,COMPLETED,0:0,00:03:55,EXP-050_few_shot_main_stacked_n50_seed2025,stacked,50,2025,/home/jmckerra/Code/FRESCO-v4/experiments/EXP-050_few_shot_main_stacked_n50_seed2025/config/EXP-050_few_shot_main_stacked_n50_seed2025.json,/home/jmckerra/Code/FRESCO-v4/experiments/EXP-050_few_shot_main_stacked_n50_seed2025,True,True,/home/jmckerra/Code/FRESCO-v4/experiments/EXP-050_few_shot_main_stacked_n50_seed2025/results/metrics.json,True,True,null_metrics,no data after filters; metrics not computed,0,191,0,191,0,191,0,0,0,191,,,,,,,,,,/home/jmckerra/Code/FRESCO-v4/experiments/sweep_logs/exp003_main_10409707_48.out,/home/jmckerra/Code/FRESCO-v4/experiments/sweep_logs/exp003_main_10409707_48.err
51,49,10409707_49,COMPLETED,0:0,00:03:55,EXP-051_few_shot_main_stacked_n100_seed1337,stacked,100,1337,/home/jmckerra/Code/FRESCO-v4/experiments/EXP-051_few_shot_main_stacked_n100_seed1337/config/EXP-051_few_shot_main_stacked_n100_seed1337.json,/home/jmckerra/Code/FRESCO-v4/experiments/EXP-051_few_shot_main_stacked_n100_seed1337,True,True,/home/jmckerra/Code/FRESCO-v4/experiments/EXP-051_few_shot_main_stacked_n100_seed1337/results/metrics.json,True,True,complete,,6995,2459,6995,2455,100,2355,5596,1399,100,2355,0.10614065097675296,0.08180874361893448,78.0869825874489,0.7046827685630745,0.03960002247335682,0.06772381503527408,0.14029802536716082,0.10623331535858414,0.20910587917217016,/home/jmckerra/Code/FRESCO-v4/experiments/sweep_logs/exp003_main_10409707_49.out,/home/jmckerra/Code/FRESCO-v4/experiments/sweep_logs/exp003_main_10409707_49.err
52,50,10409707_50,COMPLETED,0:0,00:03:55,EXP-052_few_shot_main_stacked_n100_seed2024,stacked,100,2024,/home/jmckerra/Code/FRESCO-v4/experiments/EXP-052_few_shot_main_stacked_n100_seed2024/config/EXP-052_few_shot_main_stacked_n100_seed2024.json,/home/jmckerra/Code/FRESCO-v4/experiments/EXP-052_few_shot_main_stacked_n100_seed2024,True,True,/home/jmckerra/Code/FRESCO-v4/experiments/EXP-052_few_shot_main_stacked_n100_seed2024/results/metrics.json,True,True,complete,,3368,261,3368,260,100,160,2694,674,100,160,0.06598486956402017,0.11417321291586746,68.16372353470676,0.8149048075003616,0.04283547496672528,-0.002269879236006427,0.14031227156326523,0.06010207384478325,0.23976142641769327,/home/jmckerra/Code/FRESCO-v4/experiments/sweep_logs/exp003_main_10409707_50.out,/home/jmckerra/Code/FRESCO-v4/experiments/sweep_logs/exp003_main_10409707_50.err
53,51,10409707_51,COMPLETED,0:0,00:03:55,EXP-053_few_shot_main_stacked_n100_seed2025,stacked,100,2025,/home/jmckerra/Code/FRESCO-v4/experiments/EXP-053_few_shot_main_stacked_n100_seed2025/config/EXP-053_few_shot_main_stacked_n100_seed2025.json,/home/jmckerra/Code/FRESCO-v4/experiments/EXP-053_few_shot_main_stacked_n100_seed2025,True,True,/home/jmckerra/Code/FRESCO-v4/experiments/EXP-053_few_shot_main_stacked_n100_seed2025/results/metrics.json,True,True,null_metrics,no data after filters; metrics not computed,0,191,0,191,0,191,0,0,0,191,,,,,,,,,,/home/jmckerra/Code/FRESCO-v4/experiments/sweep_logs/exp003_main_10409707_51.out,/home/jmckerra/Code/FRESCO-v4/experiments/sweep_logs/exp003_main_10409707_51.err
54,52,10409707_52,COMPLETED,0:0,00:03:55,EXP-054_few_shot_main_stacked_n200_seed1337,stacked,200,1337,/home/jmckerra/Code/FRESCO-v4/experiments/EXP-054_few_shot_main_stacked_n200_seed1337/config/EXP-054_few_shot_main_stacked_n200_seed1337.json,/home/jmckerra/Code/FRESCO-v4/experiments/EXP-054_few_shot_main_stacked_n200_seed1337,True,True,/home/jmckerra/Code/FRESCO-v4/experiments/EXP-054_few_shot_main_stacked_n200_seed1337/results/metrics.json,True,True,complete,,6995,2459,6995,2455,200,2255,5596,1399,200,2255,0.13433436957684342,0.08177856420205064,74.61203818551829,0.8720590776717275,0.01245087710430927,0.10275704734671749,0.16113151692710231,0.13221104800875388,0.20910587917217016,/home/jmckerra/Code/FRESCO-v4/experiments/sweep_logs/exp003_main_10409707_52.out,/home/jmckerra/Code/FRESCO-v4/experiments/sweep_logs/exp003_main_10409707_52.err
55,53,10409707_53,COMPLETED,0:0,00:03:55,EXP-055_few_shot_main_stacked_n200_seed2024,stacked,200,2024,/home/jmckerra/Code/FRESCO-v4/experiments/EXP-055_few_shot_main_stacked_n200_seed2024/config/EXP-055_few_shot_main_stacked_n200_seed2024.json,/home/jmckerra/Code/FRESCO-v4/experiments/EXP-055_few_shot_main_stacked_n200_seed2024,True,True,/home/jmckerra/Code/FRESCO-v4/experiments/EXP-055_few_shot_main_stacked_n200_seed2024/results/metrics.json,True,True,complete,,3368,261,3368,260,200,60,2694,674,200,60,0.041869570286650615,0.11566076515495279,63.27236672941072,0.7437350180664931,0.06336774970484574,-0.1711393162804464,0.16226832147027828,0.020410032363275175,0.23976142641769327,/home/jmckerra/Code/FRESCO-v4/experiments/sweep_logs/exp003_main_10409707_53.out,/home/jmckerra/Code/FRESCO-v4/experiments/sweep_logs/exp003_main_10409707_53.err
56,54,10409707_54,COMPLETED,0:0,00:03:55,EXP-056_few_shot_main_stacked_n200_seed2025,stacked,200,2025,/home/jmckerra/Code/FRESCO-v4/experiments/EXP-056_few_shot_main_stacked_n200_seed2025/config/EXP-056_few_shot_main_stacked_n200_seed2025.json,/home/jmckerra/Code/FRESCO-v4/experiments/EXP-056_few_shot_main_stacked_n200_seed2025,True,True,/home/jmckerra/Code/FRESCO-v4/experiments/EXP-056_few_shot_main_stacked_n200_seed2025/results/metrics.json,True,True,null_metrics,no data after filters; metrics not computed,0,191,0,191,0,191,0,0,0,191,,,,,,,,,,/home/jmckerra/Code/FRESCO-v4/experiments/sweep_logs/exp003_main_10409707_54.out,/home/jmckerra/Code/FRESCO-v4/experiments/sweep_logs/exp003_main_10409707_54.err
57,55,10409707_55,COMPLETED,0:0,00:02:26,EXP-057_few_shot_main_stacked_n500_seed1337,stacked,500,1337,/home/jmckerra/Code/FRESCO-v4/experiments/EXP-057_few_shot_main_stacked_n500_seed1337/config/EXP-057_few_shot_main_stacked_n500_seed1337.json,/home/jmckerra/Code/FRESCO-v4/experiments/EXP-057_few_shot_main_stacked_n500_seed1337,True,True,/home/jmckerra/Code/FRESCO-v4/experiments/EXP-057_few_shot_main_stacked_n500_seed1337/results/metrics.json,True,True,complete,,6995,2459,6995,2455,500,1955,5596,1399,500,1955,0.10506025549969067,0.08226633504113937,69.90084383458165,0.7422600437385024,0.029412755526578106,0.06803495383680612,0.13473145522584798,0.10376346053425578,0.20910587917217016,/home/jmckerra/Code/FRESCO-v4/experiments/sweep_logs/exp003_main_10409707_55.out,/home/jmckerra/Code/FRESCO-v4/experiments/sweep_logs/exp003_main_10409707_55.err
58,56,10409707_56,FAILED,1:0,00:02:25,EXP-058_few_shot_main_stacked_n500_seed2024,stacked,500,2024,/home/jmckerra/Code/FRESCO-v4/experiments/EXP-058_few_shot_main_stacked_n500_seed2024/config/EXP-058_few_shot_main_stacked_n500_seed2024.json,/home/jmckerra/Code/FRESCO-v4/experiments/EXP-058_few_shot_main_stacked_n500_seed2024,True,True,/home/jmckerra/Code/FRESCO-v4/experiments/EXP-058_few_shot_main_stacked_n500_seed2024/results/metrics.json,False,False,missing_metrics,"ValueError: Found array with 0 sample(s) (shape=(0, 5)) while a minimum of 1 is required by SimpleImputer.",3368,261,3368,260,260,0,2694,674,,,,,,,,,,,,/home/jmckerra/Code/FRESCO-v4/experiments/sweep_logs/exp003_main_10409707_56.out,/home/jmckerra/Code/FRESCO-v4/experiments/sweep_logs/exp003_main_10409707_56.err
59,57,10409707_57,COMPLETED,0:0,00:02:26,EXP-059_few_shot_main_stacked_n500_seed2025,stacked,500,2025,/home/jmckerra/Code/FRESCO-v4/experiments/EXP-059_few_shot_main_stacked_n500_seed2025/config/EXP-059_few_shot_main_stacked_n500_seed2025.json,/home/jmckerra/Code/FRESCO-v4/experiments/EXP-059_few_shot_main_stacked_n500_seed2025,True,True,/home/jmckerra/Code/FRESCO-v4/experiments/EXP-059_few_shot_main_stacked_n500_seed2025/results/metrics.json,True,True,null_metrics,no data after filters; metrics not computed,0,191,0,191,0,191,0,0,0,191,,,,,,,,,,/home/jmckerra/Code/FRESCO-v4/experiments/sweep_logs/exp003_main_10409707_57.out,/home/jmckerra/Code/FRESCO-v4/experiments/sweep_logs/exp003_main_10409707_57.err
60,58,10409707_58,COMPLETED,0:0,00:02:26,EXP-060_few_shot_main_target_only_n10_seed1337,target_only,10,1337,/home/jmckerra/Code/FRESCO-v4/experiments/EXP-060_few_shot_main_target_only_n10_seed1337/config/EXP-060_few_shot_main_target_only_n10_seed1337.json,/home/jmckerra/Code/FRESCO-v4/experiments/EXP-060_few_shot_main_target_only_n10_seed1337,True,True,/home/jmckerra/Code/FRESCO-v4/experiments/EXP-060_few_shot_main_target_only_n10_seed1337/results/metrics.json,True,True,complete,,6995,2459,6995,2455,10,2445,5596,1399,10,2445,0.04098880064550092,0.07567777392386116,60.035586295250724,0.8396589954218905,0.043903502786456335,0.011791882932835616,0.07116304885425673,0.0408347963672978,0.20910587917217016,/home/jmckerra/Code/FRESCO-v4/experiments/sweep_logs/exp003_main_10409707_58.out,/home/jmckerra/Code/FRESCO-v4/experiments/sweep_logs/exp003_main_10409707_58.err
61,59,10409707_59,COMPLETED,0:0,00:02:16,EXP-061_few_shot_main_target_only_n10_seed2024,target_only,10,2024,/home/jmckerra/Code/FRESCO-v4/experiments/EXP-061_few_shot_main_target_only_n10_seed2024/config/EXP-061_few_shot_main_target_only_n10_seed2024.json,/home/jmckerra/Code/FRESCO-v4/experiments/EXP-061_few_shot_main_target_only_n10_seed2024,True,True,/home/jmckerra/Code/FRESCO-v4/experiments/EXP-061_few_shot_main_target_only_n10_seed2024/results/metrics.json,True,True,complete,,3368,261,3368,260,10,250,2694,674,10,250,-0.029767191861228115,0.11924023441341743,75.74703537655674,0.581584771732575,0.10239944623216526,-0.09908823531925381,0.020582360405099986,-0.035989742583470104,0.23976142641769327,/home/jmckerra/Code/FRESCO-v4/experiments/sweep_logs/exp003_main_10409707_59.out,/home/jmckerra/Code/FRESCO-v4/experiments/sweep_logs/exp003_main_10409707_59.err
62,60,10409707_60,COMPLETED,0:0,00:02:16,EXP-062_few_shot_main_target_only_n10_seed2025,target_only,10,2025,/home/jmckerra/Code/FRESCO-v4/experiments/EXP-062_few_shot_main_target_only_n10_seed2025/config/EXP-062_few_shot_main_target_only_n10_seed2025.json,/home/jmckerra/Code/FRESCO-v4/experiments/EXP-062_few_shot_main_target_only_n10_seed2025,True,True,/home/jmckerra/Code/FRESCO-v4/experiments/EXP-062_few_shot_main_target_only_n10_seed2025/results/metrics.json,True,True,null_metrics,no data after filters; metrics not computed,0,191,0,191,0,191,0,0,0,191,,,,,,,,,,/home/jmckerra/Code/FRESCO-v4/experiments/sweep_logs/exp003_main_10409707_60.out,/home/jmckerra/Code/FRESCO-v4/experiments/sweep_logs/exp003_main_10409707_60.err
63,61,10409707_61,COMPLETED,0:0,00:02:16,EXP-063_few_shot_main_target_only_n25_seed1337,target_only,25,1337,/home/jmckerra/Code/FRESCO-v4/experiments/EXP-063_few_shot_main_target_only_n25_seed1337/config/EXP-063_few_shot_main_target_only_n25_seed1337.json,/home/jmckerra/Code/FRESCO-v4/experiments/EXP-063_few_shot_main_target_only_n25_seed1337,True,True,/home/jmckerra/Code/FRESCO-v4/experiments/EXP-063_few_shot_main_target_only_n25_seed1337/results/metrics.json,True,True,complete,,6995,2459,6995,2455,25,2430,5596,1399,25,2430,0.12174966750668059,0.08569946219536388,76.59632474719609,1.06614013754714,-0.014659728966496347,0.10319010606450994,0.14080231214265015,0.12077153767202448,0.20910587917217016,/home/jmckerra/Code/FRESCO-v4/experiments/sweep_logs/exp003_main_10409707_61.out,/home/jmckerra/Code/FRESCO-v4/experiments/sweep_logs/exp003_main_10409707_61.err
64,62,10409707_62,COMPLETED,0:0,00:02:16,EXP-064_few_shot_main_target_only_n25_seed2024,target_only,25,2024,/home/jmckerra/Code/FRESCO-v4/experiments/EXP-064_few_shot_main_target_only_n25_seed2024/config/EXP-064_few_shot_main_target_only_n25_seed2024.json,/home/jmckerra/Code/FRESCO-v4/experiments/EXP-064_few_shot_main_target_only_n25_seed2024,True,True,/home/jmckerra/Code/FRESCO-v4/experiments/EXP-064_few_shot_main_target_only_n25_seed2024/results/metrics.json,True,True,complete,,3368,261,3368,260,25,235,2694,674,25,235,0.05907349438697951,0.11221044564372323,72.45025293716316,1.405968265189508,-0.052199581885321665,0.0028171673291711424,0.09364754367996969,0.05429946329933448,0.23976142641769327,/home/jmckerra/Code/FRESCO-v4/experiments/sweep_logs/exp003_main_10409707_62.out,/home/jmckerra/Code/FRESCO-v4/experiments/sweep_logs/exp003_main_10409707_62.err
65,63,10409707_63,COMPLETED,0:0,00:02:58,EXP-065_few_shot_main_target_only_n25_seed2025,target_only,25,2025,/home/jmckerra/Code/FRESCO-v4/experiments/EXP-065_few_shot_main_target_only_n25_seed2025/config/EXP-065_few_shot_main_target_only_n25_seed2025.json,/home/jmckerra/Code/FRESCO-v4/experiments/EXP-065_few_shot_main_target_only_n25_seed2025,True,True,/home/jmckerra/Code/FRESCO-v4/experiments/EXP-065_few_shot_main_target_only_n25_seed2025/results/metrics.json,True,True,null_metrics,no data after filters; metrics not computed,0,191,0,191,0,191,0,0,0,191,,,,,,,,,,/home/jmckerra/Code/FRESCO-v4/experiments/sweep_logs/exp003_main_10409707_63.out,/home/jmckerra/Code/FRESCO-v4/experiments/sweep_logs/exp003_main_10409707_63.err
66,64,10409707_64,COMPLETED,0:0,00:02:58,EXP-066_few_shot_main_target_only_n50_seed1337,target_only,50,1337,/home/jmckerra/Code/FRESCO-v4/experiments/EXP-066_few_shot_main_target_only_n50_seed1337/config/EXP-066_few_shot_main_target_only_n50_seed1337.json,/home/jmckerra/Code/FRESCO-v4/experiments/EXP-066_few_shot_main_target_only_n50_seed1337,True,True,/home/jmckerra/Code/FRESCO-v4/experiments/EXP-066_few_shot_main_target_only_n50_seed1337/results/metrics.json,True,True,complete,,6995,2459,6995,2455,50,2405,5596,1399,50,2405,0.10865077285288238,0.08551595899652349,78.14201576097086,0.7379229412147607,0.024275321154630634,0.07071911486001031,0.14691800308931335,0.10786185040164727,0.20910587917217016,/home/jmckerra/Code/FRESCO-v4/experiments/sweep_logs/exp003_main_10409707_64.out,/home/jmckerra/Code/FRESCO-v4/experiments/sweep_logs/exp003_main_10409707_64.err
67,65,10409707_65,COMPLETED,0:0,00:02:58,EXP-067_few_shot_main_target_only_n50_seed2024,target_only,50,2024,/home/jmckerra/Code/FRESCO-v4/experiments/EXP-067_few_shot_main_target_only_n50_seed2024/config/EXP-067_few_shot_main_target_only_n50_seed2024.json,/home/jmckerra/Code/FRESCO-v4/experiments/EXP-067_few_shot_main_target_only_n50_seed2024,True,True,/home/jmckerra/Code/FRESCO-v4/experiments/EXP-067_few_shot_main_target_only_n50_seed2024/results/metrics.json,True,True,complete,,3368,261,3368,260,50,210,2694,674,50,210,-0.022005510649585336,0.11974933066050646,71.55408669369095,0.4357464889447155,0.1179185624509824,-0.09668889670154689,0.03903955876990376,-0.02747027114579989,0.23976142641769327,/home/jmckerra/Code/FRESCO-v4/experiments/sweep_logs/exp003_main_10409707_65.out,/home/jmckerra/Code/FRESCO-v4/experiments/sweep_logs/exp003_main_10409707_65.err
68,66,10409707_66,COMPLETED,0:0,00:02:58,EXP-068_few_shot_main_target_only_n50_seed2025,target_only,50,2025,/home/jmckerra/Code/FRESCO-v4/experiments/EXP-068_few_shot_main_target_only_n50_seed2025/config/EXP-068_few_shot_main_target_only_n50_seed2025.json,/home/jmckerra/Code/FRESCO-v4/experiments/EXP-068_few_shot_main_target_only_n50_seed2025,True,True,/home/jmckerra/Code/FRESCO-v4/experiments/EXP-068_few_shot_main_target_only_n50_seed2025/results/metrics.json,True,True,null_metrics,no data after filters; metrics not computed,0,191,0,191,0,191,0,0,0,191,,,,,,,,,,/home/jmckerra/Code/FRESCO-v4/experiments/sweep_logs/exp003_main_10409707_66.out,/home/jmckerra/Code/FRESCO-v4/experiments/sweep_logs/exp003_main_10409707_66.err
69,67,10409707_67,COMPLETED,0:0,00:03:21,EXP-069_few_shot_main_target_only_n100_seed1337,target_only,100,1337,/home/jmckerra/Code/FRESCO-v4/experiments/EXP-069_few_shot_main_target_only_n100_seed1337/config/EXP-069_few_shot_main_target_only_n100_seed1337.json,/home/jmckerra/Code/FRESCO-v4/experiments/EXP-069_few_shot_main_target_only_n100_seed1337,True,True,/home/jmckerra/Code/FRESCO-v4/experiments/EXP-069_few_shot_main_target_only_n100_seed1337/results/metrics.json,True,True,complete,,6995,2459,6995,2455,100,2355,5596,1399,100,2355,0.1062402249355866,0.08181942919756878,78.0951511984628,0.7048346355874424,0.039587228233298306,0.06784088385292386,0.14039076084653612,0.10633288773763522,0.20910587917217016,/home/jmckerra/Code/FRESCO-v4/experiments/sweep_logs/exp003_main_10409707_67.out,/home/jmckerra/Code/FRESCO-v4/experiments/sweep_logs/exp003_main_10409707_67.err
70,68,10409707_68,COMPLETED,0:0,00:03:21,EXP-070_few_shot_main_target_only_n100_seed2024,target_only,100,2024,/home/jmckerra/Code/FRESCO-v4/experiments/EXP-070_few_shot_main_target_only_n100_seed2024/config/EXP-070_few_shot_main_target_only_n100_seed2024.json,/home/jmckerra/Code/FRESCO-v4/experiments/EXP-070_few_shot_main_target_only_n100_seed2024,True,True,/home/jmckerra/Code/FRESCO-v4/experiments/EXP-070_few_shot_main_target_only_n100_seed2024/results/metrics.json,True,True,complete,,3368,261,3368,260,100,160,2694,674,100,160,0.06585945963980555,0.11418108724468119,68.17026518795657,0.8143584338987297,0.042937790925819744,-0.002402753006003665,0.14019288324899082,0.059979066591343895,0.23976142641769327,/home/jmckerra/Code/FRESCO-v4/experiments/sweep_logs/exp003_main_10409707_68.out,/home/jmckerra/Code/FRESCO-v4/experiments/sweep_logs/exp003_main_10409707_68.err
71,69,10409707_69,COMPLETED,0:0,00:03:21,EXP-071_few_shot_main_target_only_n100_seed2025,target_only,100,2025,/home/jmckerra/Code/FRESCO-v4/experiments/EXP-071_few_shot_main_target_only_n100_seed2025/config/EXP-071_few_shot_main_target_only_n100_seed2025.json,/home/jmckerra/Code/FRESCO-v4/experiments/EXP-071_few_shot_main_target_only_n100_seed2025,True,True,/home/jmckerra/Code/FRESCO-v4/experiments/EXP-071_few_shot_main_target_only_n100_seed2025/results/metrics.json,True,True,null_metrics,no data after filters; metrics not computed,0,191,0,191,0,191,0,0,0,191,,,,,,,,,,/home/jmckerra/Code/FRESCO-v4/experiments/sweep_logs/exp003_main_10409707_69.out,/home/jmckerra/Code/FRESCO-v4/experiments/sweep_logs/exp003_main_10409707_69.err
72,70,10409707_70,COMPLETED,0:0,00:03:21,EXP-072_few_shot_main_target_only_n200_seed1337,target_only,200,1337,/home/jmckerra/Code/FRESCO-v4/experiments/EXP-072_few_shot_main_target_only_n200_seed1337/config/EXP-072_few_shot_main_target_only_n200_seed1337.json,/home/jmckerra/Code/FRESCO-v4/experiments/EXP-072_few_shot_main_target_only_n200_seed1337,True,True,/home/jmckerra/Code/FRESCO-v4/experiments/EXP-072_few_shot_main_target_only_n200_seed1337/results/metrics.json,True,True,complete,,6995,2459,6995,2455,200,2255,5596,1399,200,2255,0.13395644552716324,0.08162135991910814,74.42312440007083,0.8688153105887585,0.012884051207405933,0.10179878286279309,0.16057100323150447,0.13178747357176518,0.20910587917217016,/home/jmckerra/Code/FRESCO-v4/experiments/sweep_logs/exp003_main_10409707_70.out,/home/jmckerra/Code/FRESCO-v4/experiments/sweep_logs/exp003_main_10409707_70.err
73,71,10409707_71,COMPLETED,0:0,00:03:25,EXP-073_few_shot_main_target_only_n200_seed2024,target_only,200,2024,/home/jmckerra/Code/FRESCO-v4/experiments/EXP-073_few_shot_main_target_only_n200_seed2024/config/EXP-073_few_shot_main_target_only_n200_seed2024.json,/home/jmckerra/Code/FRESCO-v4/experiments/EXP-073_few_shot_main_target_only_n200_seed2024,True,True,/home/jmckerra/Code/FRESCO-v4/experiments/EXP-073_few_shot_main_target_only_n200_seed2024/results/metrics.json,True,True,complete,,3368,261,3368,260,200,60,2694,674,200,60,0.04166202592085866,0.11567711798155207,63.28462563359576,0.7429869470283478,0.06349910198927435,-0.1711280389178143,0.16209946817385512,0.020205697693550757,0.23976142641769327,/home/jmckerra/Code/FRESCO-v4/experiments/sweep_logs/exp003_main_10409707_71.out,/home/jmckerra/Code/FRESCO-v4/experiments/sweep_logs/exp003_main_10409707_71.err
74,72,10409707_72,COMPLETED,0:0,00:03:25,EXP-074_few_shot_main_target_only_n200_seed2025,target_only,200,2025,/home/jmckerra/Code/FRESCO-v4/experiments/EXP-074_few_shot_main_target_only_n200_seed2025/config/EXP-074_few_shot_main_target_only_n200_seed2025.json,/home/jmckerra/Code/FRESCO-v4/experiments/EXP-074_few_shot_main_target_only_n200_seed2025,True,True,/home/jmckerra/Code/FRESCO-v4/experiments/EXP-074_few_shot_main_target_only_n200_seed2025/results/metrics.json,True,True,null_metrics,no data after filters; metrics not computed,0,191,0,191,0,191,0,0,0,191,,,,,,,,,,/home/jmckerra/Code/FRESCO-v4/experiments/sweep_logs/exp003_main_10409707_72.out,/home/jmckerra/Code/FRESCO-v4/experiments/sweep_logs/exp003_main_10409707_72.err
75,73,10409707_73,COMPLETED,0:0,00:03:25,EXP-075_few_shot_main_target_only_n500_seed1337,target_only,500,1337,/home/jmckerra/Code/FRESCO-v4/experiments/EXP-075_few_shot_main_target_only_n500_seed1337/config/EXP-075_few_shot_main_target_only_n500_seed1337.json,/home/jmckerra/Code/FRESCO-v4/experiments/EXP-075_few_shot_main_target_only_n500_seed1337,True,True,/home/jmckerra/Code/FRESCO-v4/experiments/EXP-075_few_shot_main_target_only_n500_seed1337/results/metrics.json,True,True,complete,,6995,2459,6995,2455,500,1955,5596,1399,500,1955,0.1055003216789403,0.08238089913583725,70.33543691142125,0.7437023755050481,0.029218075698448497,0.06841452439267343,0.1349003895844525,0.10420188892339378,0.20910587917217016,/home/jmckerra/Code/FRESCO-v4/experiments/sweep_logs/exp003_main_10409707_73.out,/home/jmckerra/Code/FRESCO-v4/experiments/sweep_logs/exp003_main_10409707_73.err
76,74,10409707_74,FAILED,1:0,00:03:25,EXP-076_few_shot_main_target_only_n500_seed2024,target_only,500,2024,/home/jmckerra/Code/FRESCO-v4/experiments/EXP-076_few_shot_main_target_only_n500_seed2024/config/EXP-076_few_shot_main_target_only_n500_seed2024.json,/home/jmckerra/Code/FRESCO-v4/experiments/EXP-076_few_shot_main_target_only_n500_seed2024,True,True,/home/jmckerra/Code/FRESCO-v4/experiments/EXP-076_few_shot_main_target_only_n500_seed2024/results/metrics.json,False,False,missing_metrics,"ValueError: Found array with 0 sample(s) (shape=(0, 5)) while a minimum of 1 is required by SimpleImputer.",3368,261,3368,260,260,0,2694,674,,,,,,,,,,,,/home/jmckerra/Code/FRESCO-v4/experiments/sweep_logs/exp003_main_10409707_74.out,/home/jmckerra/Code/FRESCO-v4/experiments/sweep_logs/exp003_main_10409707_74.err
77,75,10409707_75,COMPLETED,0:0,00:02:28,EXP-077_few_shot_main_target_only_n500_seed2025,target_only,500,2025,/home/jmckerra/Code/FRESCO-v4/experiments/EXP-077_few_shot_main_target_only_n500_seed2025/config/EXP-077_few_shot_main_target_only_n500_seed2025.json,/home/jmckerra/Code/FRESCO-v4/experiments/EXP-077_few_shot_main_target_only_n500_seed2025,True,True,/home/jmckerra/Code/FRESCO-v4/experiments/EXP-077_few_shot_main_target_only_n500_seed2025/results/metrics.json,True,True,null_metrics,no data after filters; metrics not computed,0,191,0,191,0,191,0,0,0,191,,,,,,,,,,/home/jmckerra/Code/FRESCO-v4/experiments/sweep_logs/exp003_main_10409707_75.out,/home/jmckerra/Code/FRESCO-v4/experiments/sweep_logs/exp003_main_10409707_75.err
