analysis_origin,source_artifact,exp_number,run_id,experiment_dir,created_utc,strategy,n_target_labels,requested_n_target_labels,effective_n_target_labels,seed,source_cluster,target_cluster,regime,overlap_run_id,overlap_band,source_overlap_n,target_overlap_n,actual_cal_n,actual_eval_n,min_target_eval_rows,min_target_eval_rows_satisfied,below_min_target_eval_rows,calibration_n_capped,target_r2,delta_vs_exp002,target_mae_log,target_smape,target_slope,target_intercept,target_bias_log,row_status,status_reason,limitations
original_valid_seed1337,C:\Users\jmckerra\ObsidianNotes\Main\01-Projects\FRESCO-v4\results\exp003_main_few_shot_summary.csv,3,EXP-003_few_shot_main_full_target_seed1337,/home/jmckerra/Code/FRESCO-v4/experiments/EXP-003_few_shot_main_full_target_seed1337,,full_target,-1,-1,1964,1337,anvil,conte,hardware_cpu_standard,EXP-001_regime_matching_baseline,"[0.2, 0.8]",6995,2459,1964,491,50,True,False,False,0.1370020548738587,0.030002054873858694,0.0822615215145542,75.67450998537252,0.9697989562871218,-0.0014785421514078,,complete,,
repair_non1337,C:\Users\jmckerra\ObsidianNotes\Main\01-Projects\FRESCO-v4\results\exp078_127_repair_harvest.csv,78,EXP-078_few_shot_repair_non1337_full_target_seed2024,experiments/EXP-078_few_shot_repair_non1337_full_target_seed2024,2026-03-16T22:09:25Z,full_target,-1,-1,178,2024,anvil,conte,hardware_cpu_standard,EXP-001_regime_matching_baseline,"[0.2, 0.8]",6995,223,178,45,50,False,True,False,-0.0342235835789463,-0.1412235835789463,0.0835877110741026,61.76914980441015,0.931345018446282,,-0.0307131494084614,complete,,"Few-shot strategy=full_target, N=-1. Calibration set sampled stratified by label quartile. || hardware_cpu_standard uses recovered hardware metadata from config/clusters.json: gpu_count_per_node<=0 and node_memory_gb<512, with partition recovered from queue. || Target overlap cohort is smaller than the requested minimum target holdout: actual_eval_n=45 min_target_eval_rows=50."
repair_non1337,C:\Users\jmckerra\ObsidianNotes\Main\01-Projects\FRESCO-v4\results\exp078_127_repair_harvest.csv,79,EXP-079_few_shot_repair_non1337_full_target_seed2025,experiments/EXP-079_few_shot_repair_non1337_full_target_seed2025,2026-03-16T22:11:27Z,full_target,-1,-1,178,2025,anvil,conte,hardware_cpu_standard,EXP-001_regime_matching_baseline,"[0.2, 0.8]",6995,223,178,45,50,False,True,False,-0.0071022914594462,-0.1141022914594462,0.0920873436690007,57.97704180448804,0.5099867895537417,,0.0103528408355574,complete,,"Few-shot strategy=full_target, N=-1. Calibration set sampled stratified by label quartile. || hardware_cpu_standard uses recovered hardware metadata from config/clusters.json: gpu_count_per_node<=0 and node_memory_gb<512, with partition recovered from queue. || Target overlap cohort is smaller than the requested minimum target holdout: actual_eval_n=45 min_target_eval_rows=50."
original_valid_seed1337,C:\Users\jmckerra\ObsidianNotes\Main\01-Projects\FRESCO-v4\results\exp003_main_few_shot_summary.csv,6,EXP-006_few_shot_main_output_recal_n10_seed1337,/home/jmckerra/Code/FRESCO-v4/experiments/EXP-006_few_shot_main_output_recal_n10_seed1337,,output_recal,10,10,10,1337,anvil,conte,hardware_cpu_standard,EXP-001_regime_matching_baseline,"[0.2, 0.8]",6995,2459,10,2445,50,True,False,False,0.0144743509180115,-0.0925256490819885,0.0747779408172747,58.99629871858907,1.6688691636162505,-0.0220064252237774,,complete,,
repair_non1337,C:\Users\jmckerra\ObsidianNotes\Main\01-Projects\FRESCO-v4\results\exp078_127_repair_harvest.csv,80,EXP-080_few_shot_repair_non1337_output_recal_n10_seed2024,experiments/EXP-080_few_shot_repair_non1337_output_recal_n10_seed2024,2026-03-16T22:13:38Z,output_recal,10,10,10,2024,anvil,conte,hardware_cpu_standard,EXP-001_regime_matching_baseline,"[0.2, 0.8]",6995,223,10,213,50,True,False,False,-0.2832201196366117,-0.3902201196366117,0.0817052682835106,39.34745923275842,-0.5456428227414275,,0.0519043174085294,complete,,"Few-shot strategy=output_recal, N=10. Calibration set sampled stratified by label quartile. || hardware_cpu_standard uses recovered hardware metadata from config/clusters.json: gpu_count_per_node<=0 and node_memory_gb<512, with partition recovered from queue."
repair_non1337,C:\Users\jmckerra\ObsidianNotes\Main\01-Projects\FRESCO-v4\results\exp078_127_repair_harvest.csv,81,EXP-081_few_shot_repair_non1337_output_recal_n10_seed2025,experiments/EXP-081_few_shot_repair_non1337_output_recal_n10_seed2025,2026-03-16T22:15:42Z,output_recal,10,10,10,2025,anvil,conte,hardware_cpu_standard,EXP-001_regime_matching_baseline,"[0.2, 0.8]",6995,223,10,213,50,True,False,False,-0.0603780082619662,-0.1673780082619662,0.0864045958778176,43.98366019628639,-1.0131606992671132,,0.0195996776932128,complete,,"Few-shot strategy=output_recal, N=10. Calibration set sampled stratified by label quartile. || hardware_cpu_standard uses recovered hardware metadata from config/clusters.json: gpu_count_per_node<=0 and node_memory_gb<512, with partition recovered from queue."
original_valid_seed1337,C:\Users\jmckerra\ObsidianNotes\Main\01-Projects\FRESCO-v4\results\exp003_main_few_shot_summary.csv,9,EXP-009_few_shot_main_output_recal_n25_seed1337,/home/jmckerra/Code/FRESCO-v4/experiments/EXP-009_few_shot_main_output_recal_n25_seed1337,,output_recal,25,25,25,1337,anvil,conte,hardware_cpu_standard,EXP-001_regime_matching_baseline,"[0.2, 0.8]",6995,2459,25,2430,50,True,False,False,0.1219001721617016,0.0149001721617016,0.0836984615634404,77.32861842699927,1.133453669623106,-0.0188742605905376,,complete,,
repair_non1337,C:\Users\jmckerra\ObsidianNotes\Main\01-Projects\FRESCO-v4\results\exp078_127_repair_harvest.csv,82,EXP-082_few_shot_repair_non1337_output_recal_n25_seed2024,experiments/EXP-082_few_shot_repair_non1337_output_recal_n25_seed2024,2026-03-16T22:17:43Z,output_recal,25,25,25,2024,anvil,conte,hardware_cpu_standard,EXP-001_regime_matching_baseline,"[0.2, 0.8]",6995,223,25,198,50,True,False,False,-0.0640899904949929,-0.1710899904949929,0.0913885366844554,50.32945306655354,-0.8280411191565221,,0.0050203460270463,complete,,"Few-shot strategy=output_recal, N=25. Calibration set sampled stratified by label quartile. || hardware_cpu_standard uses recovered hardware metadata from config/clusters.json: gpu_count_per_node<=0 and node_memory_gb<512, with partition recovered from queue."
repair_non1337,C:\Users\jmckerra\ObsidianNotes\Main\01-Projects\FRESCO-v4\results\exp078_127_repair_harvest.csv,83,EXP-083_few_shot_repair_non1337_output_recal_n25_seed2025,experiments/EXP-083_few_shot_repair_non1337_output_recal_n25_seed2025,2026-03-16T22:19:45Z,output_recal,25,25,25,2025,anvil,conte,hardware_cpu_standard,EXP-001_regime_matching_baseline,"[0.2, 0.8]",6995,223,25,198,50,True,False,False,-0.0428652147164561,-0.14986521471645609,0.0881207155054304,48.84269360575957,-1.6537702882147116,,0.0170882649780608,complete,,"Few-shot strategy=output_recal, N=25. Calibration set sampled stratified by label quartile. || hardware_cpu_standard uses recovered hardware metadata from config/clusters.json: gpu_count_per_node<=0 and node_memory_gb<512, with partition recovered from queue."
original_valid_seed1337,C:\Users\jmckerra\ObsidianNotes\Main\01-Projects\FRESCO-v4\results\exp003_main_few_shot_summary.csv,12,EXP-012_few_shot_main_output_recal_n50_seed1337,/home/jmckerra/Code/FRESCO-v4/experiments/EXP-012_few_shot_main_output_recal_n50_seed1337,,output_recal,50,50,50,1337,anvil,conte,hardware_cpu_standard,EXP-001_regime_matching_baseline,"[0.2, 0.8]",6995,2459,50,2405,50,True,False,False,0.0954510075839416,-0.011548992416058404,0.0859711821157349,82.16947147043321,0.7040051530336763,0.0299086354835683,,complete,,
repair_non1337,C:\Users\jmckerra\ObsidianNotes\Main\01-Projects\FRESCO-v4\results\exp078_127_repair_harvest.csv,84,EXP-084_few_shot_repair_non1337_output_recal_n50_seed2024,experiments/EXP-084_few_shot_repair_non1337_output_recal_n50_seed2024,2026-03-16T22:21:34Z,output_recal,50,50,50,2024,anvil,conte,hardware_cpu_standard,EXP-001_regime_matching_baseline,"[0.2, 0.8]",6995,223,50,173,50,True,False,False,-0.0012189453846431,-0.10821894538464309,0.0924618026318692,63.269983990864965,1.394808989515794,,0.0119962827613736,complete,,"Few-shot strategy=output_recal, N=50. Calibration set sampled stratified by label quartile. || hardware_cpu_standard uses recovered hardware metadata from config/clusters.json: gpu_count_per_node<=0 and node_memory_gb<512, with partition recovered from queue."
repair_non1337,C:\Users\jmckerra\ObsidianNotes\Main\01-Projects\FRESCO-v4\results\exp078_127_repair_harvest.csv,85,EXP-085_few_shot_repair_non1337_output_recal_n50_seed2025,experiments/EXP-085_few_shot_repair_non1337_output_recal_n50_seed2025,2026-03-16T22:23:21Z,output_recal,50,50,50,2025,anvil,conte,hardware_cpu_standard,EXP-001_regime_matching_baseline,"[0.2, 0.8]",6995,223,50,173,50,True,False,False,0.0090876252100954,-0.0979123747899046,0.0922242229933395,68.1020815298269,1.1633571727486618,,0.0034261904798045,complete,,"Few-shot strategy=output_recal, N=50. Calibration set sampled stratified by label quartile. || hardware_cpu_standard uses recovered hardware metadata from config/clusters.json: gpu_count_per_node<=0 and node_memory_gb<512, with partition recovered from queue."
original_valid_seed1337,C:\Users\jmckerra\ObsidianNotes\Main\01-Projects\FRESCO-v4\results\exp003_main_few_shot_summary.csv,15,EXP-015_few_shot_main_output_recal_n100_seed1337,/home/jmckerra/Code/FRESCO-v4/experiments/EXP-015_few_shot_main_output_recal_n100_seed1337,,output_recal,100,100,100,1337,anvil,conte,hardware_cpu_standard,EXP-001_regime_matching_baseline,"[0.2, 0.8]",6995,2459,100,2355,50,True,False,False,0.0877586279068306,-0.019241372093169395,0.0829778680293171,80.58988537246381,0.6729710585578842,0.044195170878104,,complete,,
repair_non1337,C:\Users\jmckerra\ObsidianNotes\Main\01-Projects\FRESCO-v4\results\exp078_127_repair_harvest.csv,86,EXP-086_few_shot_repair_non1337_output_recal_n100_seed2024,experiments/EXP-086_few_shot_repair_non1337_output_recal_n100_seed2024,2026-03-16T22:25:19Z,output_recal,100,100,100,2024,anvil,conte,hardware_cpu_standard,EXP-001_regime_matching_baseline,"[0.2, 0.8]",6995,223,100,123,50,True,False,False,0.0095306874677572,-0.0974693125322428,0.0927571291785913,66.95061962412859,3.596451926832285,,-0.0021678895816502,complete,,"Few-shot strategy=output_recal, N=100. Calibration set sampled stratified by label quartile. || hardware_cpu_standard uses recovered hardware metadata from config/clusters.json: gpu_count_per_node<=0 and node_memory_gb<512, with partition recovered from queue."
repair_non1337,C:\Users\jmckerra\ObsidianNotes\Main\01-Projects\FRESCO-v4\results\exp078_127_repair_harvest.csv,87,EXP-087_few_shot_repair_non1337_output_recal_n100_seed2025,experiments/EXP-087_few_shot_repair_non1337_output_recal_n100_seed2025,2026-03-16T22:27:11Z,output_recal,100,100,100,2025,anvil,conte,hardware_cpu_standard,EXP-001_regime_matching_baseline,"[0.2, 0.8]",6995,223,100,123,50,True,False,False,-0.0337427080378138,-0.1407427080378138,0.0946692125658315,70.72831005039892,0.0895099102666602,,0.0064421735944494,complete,,"Few-shot strategy=output_recal, N=100. Calibration set sampled stratified by label quartile. || hardware_cpu_standard uses recovered hardware metadata from config/clusters.json: gpu_count_per_node<=0 and node_memory_gb<512, with partition recovered from queue."
original_valid_seed1337,C:\Users\jmckerra\ObsidianNotes\Main\01-Projects\FRESCO-v4\results\exp003_main_few_shot_summary.csv,18,EXP-018_few_shot_main_output_recal_n200_seed1337,/home/jmckerra/Code/FRESCO-v4/experiments/EXP-018_few_shot_main_output_recal_n200_seed1337,,output_recal,200,200,200,1337,anvil,conte,hardware_cpu_standard,EXP-001_regime_matching_baseline,"[0.2, 0.8]",6995,2459,200,2255,50,True,False,False,0.1160577491085184,0.009057749108518406,0.0830012058856334,79.02953851883389,0.8249686962821337,0.0184699745848257,,complete,,
repair_non1337,C:\Users\jmckerra\ObsidianNotes\Main\01-Projects\FRESCO-v4\results\exp078_127_repair_harvest.csv,88,EXP-088_few_shot_repair_non1337_output_recal_n200_seed2024,experiments/EXP-088_few_shot_repair_non1337_output_recal_n200_seed2024,2026-03-16T22:28:50Z,output_recal,200,200,173,2024,anvil,conte,hardware_cpu_standard,EXP-001_regime_matching_baseline,"[0.2, 0.8]",6995,223,173,50,50,True,False,True,-0.3035815507906492,-0.4105815507906492,0.1033407142633424,79.34135776434965,-1.8660576252628265,,0.0035315598601025,complete,,"Few-shot strategy=output_recal, N=200. Calibration set sampled stratified by label quartile. || hardware_cpu_standard uses recovered hardware metadata from config/clusters.json: gpu_count_per_node<=0 and node_memory_gb<512, with partition recovered from queue. || Requested target calibration size 200 was capped to 173 to preserve at least 50 target evaluation rows."
repair_non1337,C:\Users\jmckerra\ObsidianNotes\Main\01-Projects\FRESCO-v4\results\exp078_127_repair_harvest.csv,89,EXP-089_few_shot_repair_non1337_output_recal_n200_seed2025,experiments/EXP-089_few_shot_repair_non1337_output_recal_n200_seed2025,2026-03-16T22:30:26Z,output_recal,200,200,173,2025,anvil,conte,hardware_cpu_standard,EXP-001_regime_matching_baseline,"[0.2, 0.8]",6995,223,173,50,50,True,False,True,-0.0100959872795893,-0.1170959872795893,0.1003473395873694,65.23794133983421,1.9638293985599964,,0.0201493824491227,complete,,"Few-shot strategy=output_recal, N=200. Calibration set sampled stratified by label quartile. || hardware_cpu_standard uses recovered hardware metadata from config/clusters.json: gpu_count_per_node<=0 and node_memory_gb<512, with partition recovered from queue. || Requested target calibration size 200 was capped to 173 to preserve at least 50 target evaluation rows."
original_valid_seed1337,C:\Users\jmckerra\ObsidianNotes\Main\01-Projects\FRESCO-v4\results\exp003_main_few_shot_summary.csv,21,EXP-021_few_shot_main_output_recal_n500_seed1337,/home/jmckerra/Code/FRESCO-v4/experiments/EXP-021_few_shot_main_output_recal_n500_seed1337,,output_recal,500,500,500,1337,anvil,conte,hardware_cpu_standard,EXP-001_regime_matching_baseline,"[0.2, 0.8]",6995,2459,500,1955,50,True,False,False,0.1117734592382926,0.004773459238292602,0.082137145087948,78.3782173374199,0.84979710862814,0.0178003268275899,,complete,,
repair_non1337,C:\Users\jmckerra\ObsidianNotes\Main\01-Projects\FRESCO-v4\results\exp078_127_repair_harvest.csv,90,EXP-090_few_shot_repair_non1337_output_recal_n500_seed2024,experiments/EXP-090_few_shot_repair_non1337_output_recal_n500_seed2024,2026-03-16T22:32:10Z,output_recal,500,500,173,2024,anvil,conte,hardware_cpu_standard,EXP-001_regime_matching_baseline,"[0.2, 0.8]",6995,223,173,50,50,True,False,True,-0.3035815507906492,-0.4105815507906492,0.1033407142633424,79.34135776434965,-1.8660576252628265,,0.0035315598601025,complete,,"Few-shot strategy=output_recal, N=500. Calibration set sampled stratified by label quartile. || hardware_cpu_standard uses recovered hardware metadata from config/clusters.json: gpu_count_per_node<=0 and node_memory_gb<512, with partition recovered from queue. || Requested target calibration size 500 was capped to 173 to preserve at least 50 target evaluation rows."
repair_non1337,C:\Users\jmckerra\ObsidianNotes\Main\01-Projects\FRESCO-v4\results\exp078_127_repair_harvest.csv,91,EXP-091_few_shot_repair_non1337_output_recal_n500_seed2025,experiments/EXP-091_few_shot_repair_non1337_output_recal_n500_seed2025,2026-03-16T22:33:54Z,output_recal,500,500,173,2025,anvil,conte,hardware_cpu_standard,EXP-001_regime_matching_baseline,"[0.2, 0.8]",6995,223,173,50,50,True,False,True,-0.0100959872795893,-0.1170959872795893,0.1003473395873694,65.23794133983421,1.9638293985599964,,0.0201493824491227,complete,,"Few-shot strategy=output_recal, N=500. Calibration set sampled stratified by label quartile. || hardware_cpu_standard uses recovered hardware metadata from config/clusters.json: gpu_count_per_node<=0 and node_memory_gb<512, with partition recovered from queue. || Requested target calibration size 500 was capped to 173 to preserve at least 50 target evaluation rows."
original_valid_seed1337,C:\Users\jmckerra\ObsidianNotes\Main\01-Projects\FRESCO-v4\results\exp003_main_few_shot_summary.csv,24,EXP-024_few_shot_main_fine_tune_n10_seed1337,/home/jmckerra/Code/FRESCO-v4/experiments/EXP-024_few_shot_main_fine_tune_n10_seed1337,,fine_tune,10,10,10,1337,anvil,conte,hardware_cpu_standard,EXP-001_regime_matching_baseline,"[0.2, 0.8]",6995,2459,10,2445,50,True,False,False,0.0880650003169132,-0.018934999683086803,0.0764098537514497,61.52498918226665,0.8801944828425398,0.0306687059849256,,complete,,
repair_non1337,C:\Users\jmckerra\ObsidianNotes\Main\01-Projects\FRESCO-v4\results\exp078_127_repair_harvest.csv,92,EXP-092_few_shot_repair_non1337_fine_tune_n10_seed2024,experiments/EXP-092_few_shot_repair_non1337_fine_tune_n10_seed2024,2026-03-16T22:35:55Z,fine_tune,10,10,10,2024,anvil,conte,hardware_cpu_standard,EXP-001_regime_matching_baseline,"[0.2, 0.8]",6995,223,10,213,50,True,False,False,0.0104169521610416,-0.0965830478389584,0.0845104824696361,61.74743758791281,1.2340758344840428,,0.0229438554284263,complete,,"Few-shot strategy=fine_tune, N=10. Calibration set sampled stratified by label quartile. || hardware_cpu_standard uses recovered hardware metadata from config/clusters.json: gpu_count_per_node<=0 and node_memory_gb<512, with partition recovered from queue."
repair_non1337,C:\Users\jmckerra\ObsidianNotes\Main\01-Projects\FRESCO-v4\results\exp078_127_repair_harvest.csv,93,EXP-093_few_shot_repair_non1337_fine_tune_n10_seed2025,experiments/EXP-093_few_shot_repair_non1337_fine_tune_n10_seed2025,2026-03-16T22:37:54Z,fine_tune,10,10,10,2025,anvil,conte,hardware_cpu_standard,EXP-001_regime_matching_baseline,"[0.2, 0.8]",6995,223,10,213,50,True,False,False,0.0077774724321787,-0.0992225275678213,0.0912413861567272,61.81724272280926,2.2436723405492325,,0.0039249392159645,complete,,"Few-shot strategy=fine_tune, N=10. Calibration set sampled stratified by label quartile. || hardware_cpu_standard uses recovered hardware metadata from config/clusters.json: gpu_count_per_node<=0 and node_memory_gb<512, with partition recovered from queue."
original_valid_seed1337,C:\Users\jmckerra\ObsidianNotes\Main\01-Projects\FRESCO-v4\results\exp003_main_few_shot_summary.csv,27,EXP-027_few_shot_main_fine_tune_n25_seed1337,/home/jmckerra/Code/FRESCO-v4/experiments/EXP-027_few_shot_main_fine_tune_n25_seed1337,,fine_tune,25,25,25,1337,anvil,conte,hardware_cpu_standard,EXP-001_regime_matching_baseline,"[0.2, 0.8]",6995,2459,25,2430,50,True,False,False,0.1298954399853988,0.022895439985398794,0.0850368091600433,75.37012022478935,1.1727677546184685,-0.0277138742965445,,complete,,
repair_non1337,C:\Users\jmckerra\ObsidianNotes\Main\01-Projects\FRESCO-v4\results\exp078_127_repair_harvest.csv,94,EXP-094_few_shot_repair_non1337_fine_tune_n25_seed2024,experiments/EXP-094_few_shot_repair_non1337_fine_tune_n25_seed2024,2026-03-16T22:40:06Z,fine_tune,25,25,25,2024,anvil,conte,hardware_cpu_standard,EXP-001_regime_matching_baseline,"[0.2, 0.8]",6995,223,25,198,50,True,False,False,0.0213261417560346,-0.0856738582439654,0.0921188581237535,66.88082333139738,0.9540693728161914,,-0.0041024044414777,complete,,"Few-shot strategy=fine_tune, N=25. Calibration set sampled stratified by label quartile. || hardware_cpu_standard uses recovered hardware metadata from config/clusters.json: gpu_count_per_node<=0 and node_memory_gb<512, with partition recovered from queue."
repair_non1337,C:\Users\jmckerra\ObsidianNotes\Main\01-Projects\FRESCO-v4\results\exp078_127_repair_harvest.csv,95,EXP-095_few_shot_repair_non1337_fine_tune_n25_seed2025,experiments/EXP-095_few_shot_repair_non1337_fine_tune_n25_seed2025,2026-03-16T22:42:05Z,fine_tune,25,25,25,2025,anvil,conte,hardware_cpu_standard,EXP-001_regime_matching_baseline,"[0.2, 0.8]",6995,223,25,198,50,True,False,False,0.033064221565213,-0.07393577843478699,0.0889967618180402,64.91941943981902,1.4763539952455438,,0.007183972664687,complete,,"Few-shot strategy=fine_tune, N=25. Calibration set sampled stratified by label quartile. || hardware_cpu_standard uses recovered hardware metadata from config/clusters.json: gpu_count_per_node<=0 and node_memory_gb<512, with partition recovered from queue."
original_valid_seed1337,C:\Users\jmckerra\ObsidianNotes\Main\01-Projects\FRESCO-v4\results\exp003_main_few_shot_summary.csv,30,EXP-030_few_shot_main_fine_tune_n50_seed1337,/home/jmckerra/Code/FRESCO-v4/experiments/EXP-030_few_shot_main_fine_tune_n50_seed1337,,fine_tune,50,50,50,1337,anvil,conte,hardware_cpu_standard,EXP-001_regime_matching_baseline,"[0.2, 0.8]",6995,2459,50,2405,50,True,False,False,0.1095611160435418,0.0025611160435417973,0.08467326354069,80.82578689371172,0.7553904428185652,0.0247037063191695,,complete,,
repair_non1337,C:\Users\jmckerra\ObsidianNotes\Main\01-Projects\FRESCO-v4\results\exp078_127_repair_harvest.csv,96,EXP-096_few_shot_repair_non1337_fine_tune_n50_seed2024,experiments/EXP-096_few_shot_repair_non1337_fine_tune_n50_seed2024,2026-03-16T22:44:00Z,fine_tune,50,50,50,2024,anvil,conte,hardware_cpu_standard,EXP-001_regime_matching_baseline,"[0.2, 0.8]",6995,223,50,173,50,True,False,False,-0.0136650070835631,-0.12066500708356309,0.0957225935962863,64.36585990035411,-9.002542928977554,,0.0027033354412879,complete,,"Few-shot strategy=fine_tune, N=50. Calibration set sampled stratified by label quartile. || hardware_cpu_standard uses recovered hardware metadata from config/clusters.json: gpu_count_per_node<=0 and node_memory_gb<512, with partition recovered from queue."
repair_non1337,C:\Users\jmckerra\ObsidianNotes\Main\01-Projects\FRESCO-v4\results\exp078_127_repair_harvest.csv,97,EXP-097_few_shot_repair_non1337_fine_tune_n50_seed2025,experiments/EXP-097_few_shot_repair_non1337_fine_tune_n50_seed2025,2026-03-16T22:45:51Z,fine_tune,50,50,50,2025,anvil,conte,hardware_cpu_standard,EXP-001_regime_matching_baseline,"[0.2, 0.8]",6995,223,50,173,50,True,False,False,0.0332362200073833,-0.0737637799926167,0.0912711304926142,63.63548174570439,3.1758216789947453,,-7.398212051776474e-05,complete,,"Few-shot strategy=fine_tune, N=50. Calibration set sampled stratified by label quartile. || hardware_cpu_standard uses recovered hardware metadata from config/clusters.json: gpu_count_per_node<=0 and node_memory_gb<512, with partition recovered from queue."
original_valid_seed1337,C:\Users\jmckerra\ObsidianNotes\Main\01-Projects\FRESCO-v4\results\exp003_main_few_shot_summary.csv,33,EXP-033_few_shot_main_fine_tune_n100_seed1337,/home/jmckerra/Code/FRESCO-v4/experiments/EXP-033_few_shot_main_fine_tune_n100_seed1337,,fine_tune,100,100,100,1337,anvil,conte,hardware_cpu_standard,EXP-001_regime_matching_baseline,"[0.2, 0.8]",6995,2459,100,2355,50,True,False,False,0.1048240923054995,-0.0021759076945005035,0.0822488735018337,78.4001498239332,0.7099705472639636,0.0377353639172379,,complete,,
repair_non1337,C:\Users\jmckerra\ObsidianNotes\Main\01-Projects\FRESCO-v4\results\exp078_127_repair_harvest.csv,98,EXP-098_few_shot_repair_non1337_fine_tune_n100_seed2024,experiments/EXP-098_few_shot_repair_non1337_fine_tune_n100_seed2024,2026-03-16T22:47:42Z,fine_tune,100,100,100,2024,anvil,conte,hardware_cpu_standard,EXP-001_regime_matching_baseline,"[0.2, 0.8]",6995,223,100,123,50,True,False,False,0.0356442470012942,-0.07135575299870581,0.0916338496104396,62.71534382378993,1.7325958552970606,,-0.0047721940452056,complete,,"Few-shot strategy=fine_tune, N=100. Calibration set sampled stratified by label quartile. || hardware_cpu_standard uses recovered hardware metadata from config/clusters.json: gpu_count_per_node<=0 and node_memory_gb<512, with partition recovered from queue."
repair_non1337,C:\Users\jmckerra\ObsidianNotes\Main\01-Projects\FRESCO-v4\results\exp078_127_repair_harvest.csv,99,EXP-099_few_shot_repair_non1337_fine_tune_n100_seed2025,experiments/EXP-099_few_shot_repair_non1337_fine_tune_n100_seed2025,2026-03-16T22:49:38Z,fine_tune,100,100,100,2025,anvil,conte,hardware_cpu_standard,EXP-001_regime_matching_baseline,"[0.2, 0.8]",6995,223,100,123,50,True,False,False,0.0406127964392725,-0.0663872035607275,0.0891548776300794,64.31499873381166,1.987727899334776,,0.0054648032426148,complete,,"Few-shot strategy=fine_tune, N=100. Calibration set sampled stratified by label quartile. || hardware_cpu_standard uses recovered hardware metadata from config/clusters.json: gpu_count_per_node<=0 and node_memory_gb<512, with partition recovered from queue."
original_valid_seed1337,C:\Users\jmckerra\ObsidianNotes\Main\01-Projects\FRESCO-v4\results\exp003_main_few_shot_summary.csv,36,EXP-036_few_shot_main_fine_tune_n200_seed1337,/home/jmckerra/Code/FRESCO-v4/experiments/EXP-036_few_shot_main_fine_tune_n200_seed1337,,fine_tune,200,200,200,1337,anvil,conte,hardware_cpu_standard,EXP-001_regime_matching_baseline,"[0.2, 0.8]",6995,2459,200,2255,50,True,False,False,0.1286538200986139,0.0216538200986139,0.0821263402737731,76.18885848726073,0.8682542604155525,0.0124858919280323,,complete,,
repair_non1337,C:\Users\jmckerra\ObsidianNotes\Main\01-Projects\FRESCO-v4\results\exp078_127_repair_harvest.csv,100,EXP-100_few_shot_repair_non1337_fine_tune_n200_seed2024,experiments/EXP-100_few_shot_repair_non1337_fine_tune_n200_seed2024,2026-03-16T22:52:07Z,fine_tune,200,200,173,2024,anvil,conte,hardware_cpu_standard,EXP-001_regime_matching_baseline,"[0.2, 0.8]",6995,223,173,50,50,True,False,True,0.0129953646360038,-0.0940046353639962,0.0816036578608735,50.95726177124942,1.4584822449023316,,0.0143135138825948,complete,,"Few-shot strategy=fine_tune, N=200. Calibration set sampled stratified by label quartile. || hardware_cpu_standard uses recovered hardware metadata from config/clusters.json: gpu_count_per_node<=0 and node_memory_gb<512, with partition recovered from queue. || Requested target calibration size 200 was capped to 173 to preserve at least 50 target evaluation rows."
repair_non1337,C:\Users\jmckerra\ObsidianNotes\Main\01-Projects\FRESCO-v4\results\exp078_127_repair_harvest.csv,101,EXP-101_few_shot_repair_non1337_fine_tune_n200_seed2025,experiments/EXP-101_few_shot_repair_non1337_fine_tune_n200_seed2025,2026-03-16T22:53:54Z,fine_tune,200,200,173,2025,anvil,conte,hardware_cpu_standard,EXP-001_regime_matching_baseline,"[0.2, 0.8]",6995,223,173,50,50,True,False,True,0.0266459045373781,-0.0803540954626219,0.0989345222057909,65.2163517188759,2.641058134171101,,0.0173958376575454,complete,,"Few-shot strategy=fine_tune, N=200. Calibration set sampled stratified by label quartile. || hardware_cpu_standard uses recovered hardware metadata from config/clusters.json: gpu_count_per_node<=0 and node_memory_gb<512, with partition recovered from queue. || Requested target calibration size 200 was capped to 173 to preserve at least 50 target evaluation rows."
original_valid_seed1337,C:\Users\jmckerra\ObsidianNotes\Main\01-Projects\FRESCO-v4\results\exp003_main_few_shot_summary.csv,39,EXP-039_few_shot_main_fine_tune_n500_seed1337,/home/jmckerra/Code/FRESCO-v4/experiments/EXP-039_few_shot_main_fine_tune_n500_seed1337,,fine_tune,500,500,500,1337,anvil,conte,hardware_cpu_standard,EXP-001_regime_matching_baseline,"[0.2, 0.8]",6995,2459,500,1955,50,True,False,False,0.1238731832070805,0.016873183207080505,0.0808054667719111,70.92187474939973,0.881869781991252,0.0139654228791448,,complete,,
repair_non1337,C:\Users\jmckerra\ObsidianNotes\Main\01-Projects\FRESCO-v4\results\exp078_127_repair_harvest.csv,102,EXP-102_few_shot_repair_non1337_fine_tune_n500_seed2024,experiments/EXP-102_few_shot_repair_non1337_fine_tune_n500_seed2024,2026-03-16T22:55:51Z,fine_tune,500,500,173,2024,anvil,conte,hardware_cpu_standard,EXP-001_regime_matching_baseline,"[0.2, 0.8]",6995,223,173,50,50,True,False,True,0.0129953646360038,-0.0940046353639962,0.0816036578608735,50.95726177124942,1.4584822449023316,,0.0143135138825948,complete,,"Few-shot strategy=fine_tune, N=500. Calibration set sampled stratified by label quartile. || hardware_cpu_standard uses recovered hardware metadata from config/clusters.json: gpu_count_per_node<=0 and node_memory_gb<512, with partition recovered from queue. || Requested target calibration size 500 was capped to 173 to preserve at least 50 target evaluation rows."
repair_non1337,C:\Users\jmckerra\ObsidianNotes\Main\01-Projects\FRESCO-v4\results\exp078_127_repair_harvest.csv,103,EXP-103_few_shot_repair_non1337_fine_tune_n500_seed2025,experiments/EXP-103_few_shot_repair_non1337_fine_tune_n500_seed2025,2026-03-16T22:57:40Z,fine_tune,500,500,173,2025,anvil,conte,hardware_cpu_standard,EXP-001_regime_matching_baseline,"[0.2, 0.8]",6995,223,173,50,50,True,False,True,0.0266459045373781,-0.0803540954626219,0.0989345222057909,65.2163517188759,2.641058134171101,,0.0173958376575454,complete,,"Few-shot strategy=fine_tune, N=500. Calibration set sampled stratified by label quartile. || hardware_cpu_standard uses recovered hardware metadata from config/clusters.json: gpu_count_per_node<=0 and node_memory_gb<512, with partition recovered from queue. || Requested target calibration size 500 was capped to 173 to preserve at least 50 target evaluation rows."
original_valid_seed1337,C:\Users\jmckerra\ObsidianNotes\Main\01-Projects\FRESCO-v4\results\exp003_main_few_shot_summary.csv,42,EXP-042_few_shot_main_stacked_n10_seed1337,/home/jmckerra/Code/FRESCO-v4/experiments/EXP-042_few_shot_main_stacked_n10_seed1337,,stacked,10,10,10,1337,anvil,conte,hardware_cpu_standard,EXP-001_regime_matching_baseline,"[0.2, 0.8]",6995,2459,10,2445,50,True,False,False,0.0408424385499026,-0.06615756145009741,0.0757089210268564,60.20377558627447,0.8387189488070685,0.0439849213366829,,complete,,
repair_non1337,C:\Users\jmckerra\ObsidianNotes\Main\01-Projects\FRESCO-v4\results\exp078_127_repair_harvest.csv,104,EXP-104_few_shot_repair_non1337_stacked_n10_seed2024,experiments/EXP-104_few_shot_repair_non1337_stacked_n10_seed2024,2026-03-16T22:59:32Z,stacked,10,10,10,2024,anvil,conte,hardware_cpu_standard,EXP-001_regime_matching_baseline,"[0.2, 0.8]",6995,223,10,213,50,True,False,False,-0.3558301280281408,-0.4628301280281408,0.0846491741909771,37.80495980408951,-0.6004211223852178,,0.0557491046832241,complete,,"Few-shot strategy=stacked, N=10. Calibration set sampled stratified by label quartile. || hardware_cpu_standard uses recovered hardware metadata from config/clusters.json: gpu_count_per_node<=0 and node_memory_gb<512, with partition recovered from queue."
repair_non1337,C:\Users\jmckerra\ObsidianNotes\Main\01-Projects\FRESCO-v4\results\exp078_127_repair_harvest.csv,105,EXP-105_few_shot_repair_non1337_stacked_n10_seed2025,experiments/EXP-105_few_shot_repair_non1337_stacked_n10_seed2025,2026-03-16T23:01:36Z,stacked,10,10,10,2025,anvil,conte,hardware_cpu_standard,EXP-001_regime_matching_baseline,"[0.2, 0.8]",6995,223,10,213,50,True,False,False,-0.1356707687490039,-0.2426707687490039,0.0871368822947715,47.7642710231216,-0.9734772778025044,,0.0210042388049249,complete,,"Few-shot strategy=stacked, N=10. Calibration set sampled stratified by label quartile. || hardware_cpu_standard uses recovered hardware metadata from config/clusters.json: gpu_count_per_node<=0 and node_memory_gb<512, with partition recovered from queue."
original_valid_seed1337,C:\Users\jmckerra\ObsidianNotes\Main\01-Projects\FRESCO-v4\results\exp003_main_few_shot_summary.csv,45,EXP-045_few_shot_main_stacked_n25_seed1337,/home/jmckerra/Code/FRESCO-v4/experiments/EXP-045_few_shot_main_stacked_n25_seed1337,,stacked,25,25,25,1337,anvil,conte,hardware_cpu_standard,EXP-001_regime_matching_baseline,"[0.2, 0.8]",6995,2459,25,2430,50,True,False,False,0.1213827386402784,0.014382738640278406,0.0858373441740315,76.69096768921018,1.0678680641778286,-0.0149898138586534,,complete,,
repair_non1337,C:\Users\jmckerra\ObsidianNotes\Main\01-Projects\FRESCO-v4\results\exp078_127_repair_harvest.csv,106,EXP-106_few_shot_repair_non1337_stacked_n25_seed2024,experiments/EXP-106_few_shot_repair_non1337_stacked_n25_seed2024,2026-03-16T23:03:07Z,stacked,25,25,25,2024,anvil,conte,hardware_cpu_standard,EXP-001_regime_matching_baseline,"[0.2, 0.8]",6995,223,25,198,50,True,False,False,0.0280566557679111,-0.0789433442320889,0.0908530737241243,67.76243140021401,0.7636063775643854,,-0.001924262426655,complete,,"Few-shot strategy=stacked, N=25. Calibration set sampled stratified by label quartile. || hardware_cpu_standard uses recovered hardware metadata from config/clusters.json: gpu_count_per_node<=0 and node_memory_gb<512, with partition recovered from queue."
repair_non1337,C:\Users\jmckerra\ObsidianNotes\Main\01-Projects\FRESCO-v4\results\exp078_127_repair_harvest.csv,107,EXP-107_few_shot_repair_non1337_stacked_n25_seed2025,experiments/EXP-107_few_shot_repair_non1337_stacked_n25_seed2025,2026-03-16T23:05:01Z,stacked,25,25,25,2025,anvil,conte,hardware_cpu_standard,EXP-001_regime_matching_baseline,"[0.2, 0.8]",6995,223,25,198,50,True,False,False,0.020168825840077,-0.086831174159923,0.0855420147215666,63.545969633076815,1.0175506466663178,,0.0149455674971963,complete,,"Few-shot strategy=stacked, N=25. Calibration set sampled stratified by label quartile. || hardware_cpu_standard uses recovered hardware metadata from config/clusters.json: gpu_count_per_node<=0 and node_memory_gb<512, with partition recovered from queue."
original_valid_seed1337,C:\Users\jmckerra\ObsidianNotes\Main\01-Projects\FRESCO-v4\results\exp003_main_few_shot_summary.csv,48,EXP-048_few_shot_main_stacked_n50_seed1337,/home/jmckerra/Code/FRESCO-v4/experiments/EXP-048_few_shot_main_stacked_n50_seed1337,,stacked,50,50,50,1337,anvil,conte,hardware_cpu_standard,EXP-001_regime_matching_baseline,"[0.2, 0.8]",6995,2459,50,2405,50,True,False,False,0.1087496995615618,0.0017496995615618044,0.085516189057024,77.94980949589802,0.7382907681379138,0.0242250496964625,,complete,,
repair_non1337,C:\Users\jmckerra\ObsidianNotes\Main\01-Projects\FRESCO-v4\results\exp078_127_repair_harvest.csv,108,EXP-108_few_shot_repair_non1337_stacked_n50_seed2024,experiments/EXP-108_few_shot_repair_non1337_stacked_n50_seed2024,2026-03-16T23:06:30Z,stacked,50,50,50,2024,anvil,conte,hardware_cpu_standard,EXP-001_regime_matching_baseline,"[0.2, 0.8]",6995,223,50,173,50,True,False,False,-0.0986682642204705,-0.2056682642204705,0.0958141273989919,64.73907166617082,-1.4269389466038362,,0.0134704867913233,complete,,"Few-shot strategy=stacked, N=50. Calibration set sampled stratified by label quartile. || hardware_cpu_standard uses recovered hardware metadata from config/clusters.json: gpu_count_per_node<=0 and node_memory_gb<512, with partition recovered from queue."
repair_non1337,C:\Users\jmckerra\ObsidianNotes\Main\01-Projects\FRESCO-v4\results\exp078_127_repair_harvest.csv,109,EXP-109_few_shot_repair_non1337_stacked_n50_seed2025,experiments/EXP-109_few_shot_repair_non1337_stacked_n50_seed2025,2026-03-16T23:08:13Z,stacked,50,50,50,2025,anvil,conte,hardware_cpu_standard,EXP-001_regime_matching_baseline,"[0.2, 0.8]",6995,223,50,173,50,True,False,False,0.0641208974463234,-0.04287910255367659,0.0880292754087316,64.36484781049472,2.430886959228408,,0.0054753296316235,complete,,"Few-shot strategy=stacked, N=50. Calibration set sampled stratified by label quartile. || hardware_cpu_standard uses recovered hardware metadata from config/clusters.json: gpu_count_per_node<=0 and node_memory_gb<512, with partition recovered from queue."
original_valid_seed1337,C:\Users\jmckerra\ObsidianNotes\Main\01-Projects\FRESCO-v4\results\exp003_main_few_shot_summary.csv,51,EXP-051_few_shot_main_stacked_n100_seed1337,/home/jmckerra/Code/FRESCO-v4/experiments/EXP-051_few_shot_main_stacked_n100_seed1337,,stacked,100,100,100,1337,anvil,conte,hardware_cpu_standard,EXP-001_regime_matching_baseline,"[0.2, 0.8]",6995,2459,100,2355,50,True,False,False,0.1061406509767529,-0.0008593490232470941,0.0818087436189344,78.0869825874489,0.7046827685630745,0.0396000224733568,,complete,,
repair_non1337,C:\Users\jmckerra\ObsidianNotes\Main\01-Projects\FRESCO-v4\results\exp078_127_repair_harvest.csv,110,EXP-110_few_shot_repair_non1337_stacked_n100_seed2024,experiments/EXP-110_few_shot_repair_non1337_stacked_n100_seed2024,2026-03-16T23:09:31Z,stacked,100,100,100,2024,anvil,conte,hardware_cpu_standard,EXP-001_regime_matching_baseline,"[0.2, 0.8]",6995,223,100,123,50,True,False,False,0.0831324520740239,-0.023867547925976104,0.0894633241212414,66.10745215040214,1.3559436689375952,,-0.0060891767480112,complete,,"Few-shot strategy=stacked, N=100. Calibration set sampled stratified by label quartile. || hardware_cpu_standard uses recovered hardware metadata from config/clusters.json: gpu_count_per_node<=0 and node_memory_gb<512, with partition recovered from queue."
repair_non1337,C:\Users\jmckerra\ObsidianNotes\Main\01-Projects\FRESCO-v4\results\exp078_127_repair_harvest.csv,111,EXP-111_few_shot_repair_non1337_stacked_n100_seed2025,experiments/EXP-111_few_shot_repair_non1337_stacked_n100_seed2025,2026-03-16T23:11:38Z,stacked,100,100,100,2025,anvil,conte,hardware_cpu_standard,EXP-001_regime_matching_baseline,"[0.2, 0.8]",6995,223,100,123,50,True,False,False,0.0395119209536454,-0.0674880790463546,0.0887927667655802,64.84586588771782,0.770900088129852,,0.0058865349858358,complete,,"Few-shot strategy=stacked, N=100. Calibration set sampled stratified by label quartile. || hardware_cpu_standard uses recovered hardware metadata from config/clusters.json: gpu_count_per_node<=0 and node_memory_gb<512, with partition recovered from queue."
original_valid_seed1337,C:\Users\jmckerra\ObsidianNotes\Main\01-Projects\FRESCO-v4\results\exp003_main_few_shot_summary.csv,54,EXP-054_few_shot_main_stacked_n200_seed1337,/home/jmckerra/Code/FRESCO-v4/experiments/EXP-054_few_shot_main_stacked_n200_seed1337,,stacked,200,200,200,1337,anvil,conte,hardware_cpu_standard,EXP-001_regime_matching_baseline,"[0.2, 0.8]",6995,2459,200,2255,50,True,False,False,0.1343343695768434,0.02733436957684339,0.0817785642020506,74.61203818551829,0.8720590776717275,0.0124508771043092,,complete,,
repair_non1337,C:\Users\jmckerra\ObsidianNotes\Main\01-Projects\FRESCO-v4\results\exp078_127_repair_harvest.csv,112,EXP-112_few_shot_repair_non1337_stacked_n200_seed2024,experiments/EXP-112_few_shot_repair_non1337_stacked_n200_seed2024,2026-03-16T23:13:46Z,stacked,200,200,173,2024,anvil,conte,hardware_cpu_standard,EXP-001_regime_matching_baseline,"[0.2, 0.8]",6995,223,173,50,50,True,False,True,-0.1301401194493696,-0.23714011944936958,0.0852695903674351,61.02334877878546,-0.02813889517518,,0.0236182909197102,complete,,"Few-shot strategy=stacked, N=200. Calibration set sampled stratified by label quartile. || hardware_cpu_standard uses recovered hardware metadata from config/clusters.json: gpu_count_per_node<=0 and node_memory_gb<512, with partition recovered from queue. || Requested target calibration size 200 was capped to 173 to preserve at least 50 target evaluation rows."
repair_non1337,C:\Users\jmckerra\ObsidianNotes\Main\01-Projects\FRESCO-v4\results\exp078_127_repair_harvest.csv,113,EXP-113_few_shot_repair_non1337_stacked_n200_seed2025,experiments/EXP-113_few_shot_repair_non1337_stacked_n200_seed2025,2026-03-16T23:15:45Z,stacked,200,200,173,2025,anvil,conte,hardware_cpu_standard,EXP-001_regime_matching_baseline,"[0.2, 0.8]",6995,223,173,50,50,True,False,True,0.0736033574203486,-0.0333966425796514,0.0958247511300747,68.24742168805902,1.6028226709233742,,0.01563570581867,complete,,"Few-shot strategy=stacked, N=200. Calibration set sampled stratified by label quartile. || hardware_cpu_standard uses recovered hardware metadata from config/clusters.json: gpu_count_per_node<=0 and node_memory_gb<512, with partition recovered from queue. || Requested target calibration size 200 was capped to 173 to preserve at least 50 target evaluation rows."
original_valid_seed1337,C:\Users\jmckerra\ObsidianNotes\Main\01-Projects\FRESCO-v4\results\exp003_main_few_shot_summary.csv,57,EXP-057_few_shot_main_stacked_n500_seed1337,/home/jmckerra/Code/FRESCO-v4/experiments/EXP-057_few_shot_main_stacked_n500_seed1337,,stacked,500,500,500,1337,anvil,conte,hardware_cpu_standard,EXP-001_regime_matching_baseline,"[0.2, 0.8]",6995,2459,500,1955,50,True,False,False,0.1050602554996906,-0.0019397445003093983,0.0822663350411393,69.90084383458165,0.7422600437385024,0.0294127555265781,,complete,,
repair_non1337,C:\Users\jmckerra\ObsidianNotes\Main\01-Projects\FRESCO-v4\results\exp078_127_repair_harvest.csv,114,EXP-114_few_shot_repair_non1337_stacked_n500_seed2024,experiments/EXP-114_few_shot_repair_non1337_stacked_n500_seed2024,2026-03-16T23:17:48Z,stacked,500,500,173,2024,anvil,conte,hardware_cpu_standard,EXP-001_regime_matching_baseline,"[0.2, 0.8]",6995,223,173,50,50,True,False,True,-0.1301401194493696,-0.23714011944936958,0.0852695903674351,61.02334877878546,-0.02813889517518,,0.0236182909197102,complete,,"Few-shot strategy=stacked, N=500. Calibration set sampled stratified by label quartile. || hardware_cpu_standard uses recovered hardware metadata from config/clusters.json: gpu_count_per_node<=0 and node_memory_gb<512, with partition recovered from queue. || Requested target calibration size 500 was capped to 173 to preserve at least 50 target evaluation rows."
repair_non1337,C:\Users\jmckerra\ObsidianNotes\Main\01-Projects\FRESCO-v4\results\exp078_127_repair_harvest.csv,115,EXP-115_few_shot_repair_non1337_stacked_n500_seed2025,experiments/EXP-115_few_shot_repair_non1337_stacked_n500_seed2025,2026-03-16T23:19:56Z,stacked,500,500,173,2025,anvil,conte,hardware_cpu_standard,EXP-001_regime_matching_baseline,"[0.2, 0.8]",6995,223,173,50,50,True,False,True,0.0736033574203486,-0.0333966425796514,0.0958247511300747,68.24742168805902,1.6028226709233742,,0.01563570581867,complete,,"Few-shot strategy=stacked, N=500. Calibration set sampled stratified by label quartile. || hardware_cpu_standard uses recovered hardware metadata from config/clusters.json: gpu_count_per_node<=0 and node_memory_gb<512, with partition recovered from queue. || Requested target calibration size 500 was capped to 173 to preserve at least 50 target evaluation rows."
original_valid_seed1337,C:\Users\jmckerra\ObsidianNotes\Main\01-Projects\FRESCO-v4\results\exp003_main_few_shot_summary.csv,60,EXP-060_few_shot_main_target_only_n10_seed1337,/home/jmckerra/Code/FRESCO-v4/experiments/EXP-060_few_shot_main_target_only_n10_seed1337,,target_only,10,10,10,1337,anvil,conte,hardware_cpu_standard,EXP-001_regime_matching_baseline,"[0.2, 0.8]",6995,2459,10,2445,50,True,False,False,0.0409888006455009,-0.06601119935449909,0.0756777739238611,60.03558629525072,0.8396589954218905,0.0439035027864563,,complete,,
repair_non1337,C:\Users\jmckerra\ObsidianNotes\Main\01-Projects\FRESCO-v4\results\exp078_127_repair_harvest.csv,116,EXP-116_few_shot_repair_non1337_target_only_n10_seed2024,experiments/EXP-116_few_shot_repair_non1337_target_only_n10_seed2024,2026-03-16T23:21:56Z,target_only,10,10,10,2024,anvil,conte,hardware_cpu_standard,EXP-001_regime_matching_baseline,"[0.2, 0.8]",6995,223,10,213,50,True,False,False,-0.3293631925470872,-0.43636319254708716,0.0835900323401673,37.89450358710678,-0.5810901038618753,,0.054582816336293,complete,,"Few-shot strategy=target_only, N=10. Calibration set sampled stratified by label quartile. || hardware_cpu_standard uses recovered hardware metadata from config/clusters.json: gpu_count_per_node<=0 and node_memory_gb<512, with partition recovered from queue."
repair_non1337,C:\Users\jmckerra\ObsidianNotes\Main\01-Projects\FRESCO-v4\results\exp078_127_repair_harvest.csv,117,EXP-117_few_shot_repair_non1337_target_only_n10_seed2025,experiments/EXP-117_few_shot_repair_non1337_target_only_n10_seed2025,2026-03-16T23:23:59Z,target_only,10,10,10,2025,anvil,conte,hardware_cpu_standard,EXP-001_regime_matching_baseline,"[0.2, 0.8]",6995,223,10,213,50,True,False,False,-0.1784149251453604,-0.2854149251453604,0.0867226018610924,46.72347464297171,-0.8378492261954107,,0.0232869715726873,complete,,"Few-shot strategy=target_only, N=10. Calibration set sampled stratified by label quartile. || hardware_cpu_standard uses recovered hardware metadata from config/clusters.json: gpu_count_per_node<=0 and node_memory_gb<512, with partition recovered from queue."
original_valid_seed1337,C:\Users\jmckerra\ObsidianNotes\Main\01-Projects\FRESCO-v4\results\exp003_main_few_shot_summary.csv,63,EXP-063_few_shot_main_target_only_n25_seed1337,/home/jmckerra/Code/FRESCO-v4/experiments/EXP-063_few_shot_main_target_only_n25_seed1337,,target_only,25,25,25,1337,anvil,conte,hardware_cpu_standard,EXP-001_regime_matching_baseline,"[0.2, 0.8]",6995,2459,25,2430,50,True,False,False,0.1217496675066805,0.014749667506680497,0.0856994621953638,76.59632474719609,1.06614013754714,-0.0146597289664963,,complete,,
repair_non1337,C:\Users\jmckerra\ObsidianNotes\Main\01-Projects\FRESCO-v4\results\exp078_127_repair_harvest.csv,118,EXP-118_few_shot_repair_non1337_target_only_n25_seed2024,experiments/EXP-118_few_shot_repair_non1337_target_only_n25_seed2024,2026-03-16T23:26:01Z,target_only,25,25,25,2024,anvil,conte,hardware_cpu_standard,EXP-001_regime_matching_baseline,"[0.2, 0.8]",6995,223,25,198,50,True,False,False,0.0176699301150838,-0.0893300698849162,0.0904794292521478,66.93770888578383,0.6753195437565613,,-0.0015841185310409,complete,,"Few-shot strategy=target_only, N=25. Calibration set sampled stratified by label quartile. || hardware_cpu_standard uses recovered hardware metadata from config/clusters.json: gpu_count_per_node<=0 and node_memory_gb<512, with partition recovered from queue."
repair_non1337,C:\Users\jmckerra\ObsidianNotes\Main\01-Projects\FRESCO-v4\results\exp078_127_repair_harvest.csv,119,EXP-119_few_shot_repair_non1337_target_only_n25_seed2025,experiments/EXP-119_few_shot_repair_non1337_target_only_n25_seed2025,2026-03-16T23:28:06Z,target_only,25,25,25,2025,anvil,conte,hardware_cpu_standard,EXP-001_regime_matching_baseline,"[0.2, 0.8]",6995,223,25,198,50,True,False,False,0.02035438300238,-0.08664561699762,0.0855421966969449,63.53019413116456,1.0207158597340085,,0.0149498984078314,complete,,"Few-shot strategy=target_only, N=25. Calibration set sampled stratified by label quartile. || hardware_cpu_standard uses recovered hardware metadata from config/clusters.json: gpu_count_per_node<=0 and node_memory_gb<512, with partition recovered from queue."
original_valid_seed1337,C:\Users\jmckerra\ObsidianNotes\Main\01-Projects\FRESCO-v4\results\exp003_main_few_shot_summary.csv,66,EXP-066_few_shot_main_target_only_n50_seed1337,/home/jmckerra/Code/FRESCO-v4/experiments/EXP-066_few_shot_main_target_only_n50_seed1337,,target_only,50,50,50,1337,anvil,conte,hardware_cpu_standard,EXP-001_regime_matching_baseline,"[0.2, 0.8]",6995,2459,50,2405,50,True,False,False,0.1086507728528823,0.0016507728528823012,0.0855159589965234,78.14201576097086,0.7379229412147607,0.0242753211546306,,complete,,
repair_non1337,C:\Users\jmckerra\ObsidianNotes\Main\01-Projects\FRESCO-v4\results\exp078_127_repair_harvest.csv,120,EXP-120_few_shot_repair_non1337_target_only_n50_seed2024,experiments/EXP-120_few_shot_repair_non1337_target_only_n50_seed2024,2026-03-16T23:30:08Z,target_only,50,50,50,2024,anvil,conte,hardware_cpu_standard,EXP-001_regime_matching_baseline,"[0.2, 0.8]",6995,223,50,173,50,True,False,False,-0.1215917392721253,-0.22859173927212528,0.0970470789756254,65.9861178664441,-1.6653300604530628,,0.0121418898999353,complete,,"Few-shot strategy=target_only, N=50. Calibration set sampled stratified by label quartile. || hardware_cpu_standard uses recovered hardware metadata from config/clusters.json: gpu_count_per_node<=0 and node_memory_gb<512, with partition recovered from queue."
repair_non1337,C:\Users\jmckerra\ObsidianNotes\Main\01-Projects\FRESCO-v4\results\exp078_127_repair_harvest.csv,121,EXP-121_few_shot_repair_non1337_target_only_n50_seed2025,experiments/EXP-121_few_shot_repair_non1337_target_only_n50_seed2025,2026-03-16T23:32:05Z,target_only,50,50,50,2025,anvil,conte,hardware_cpu_standard,EXP-001_regime_matching_baseline,"[0.2, 0.8]",6995,223,50,173,50,True,False,False,0.0533602206931754,-0.0536397793068246,0.0892197404387115,65.09163336111389,2.815149890424696,,0.0041336864935119,complete,,"Few-shot strategy=target_only, N=50. Calibration set sampled stratified by label quartile. || hardware_cpu_standard uses recovered hardware metadata from config/clusters.json: gpu_count_per_node<=0 and node_memory_gb<512, with partition recovered from queue."
original_valid_seed1337,C:\Users\jmckerra\ObsidianNotes\Main\01-Projects\FRESCO-v4\results\exp003_main_few_shot_summary.csv,69,EXP-069_few_shot_main_target_only_n100_seed1337,/home/jmckerra/Code/FRESCO-v4/experiments/EXP-069_few_shot_main_target_only_n100_seed1337,,target_only,100,100,100,1337,anvil,conte,hardware_cpu_standard,EXP-001_regime_matching_baseline,"[0.2, 0.8]",6995,2459,100,2355,50,True,False,False,0.1062402249355866,-0.0007597750644133955,0.0818194291975687,78.0951511984628,0.7048346355874424,0.0395872282332983,,complete,,
repair_non1337,C:\Users\jmckerra\ObsidianNotes\Main\01-Projects\FRESCO-v4\results\exp078_127_repair_harvest.csv,122,EXP-122_few_shot_repair_non1337_target_only_n100_seed2024,experiments/EXP-122_few_shot_repair_non1337_target_only_n100_seed2024,2026-03-16T23:34:02Z,target_only,100,100,100,2024,anvil,conte,hardware_cpu_standard,EXP-001_regime_matching_baseline,"[0.2, 0.8]",6995,223,100,123,50,True,False,False,0.073597205107819,-0.033402794892180995,0.0899438227300826,64.2159078337093,1.2760724367579177,,-0.00629142897037,complete,,"Few-shot strategy=target_only, N=100. Calibration set sampled stratified by label quartile. || hardware_cpu_standard uses recovered hardware metadata from config/clusters.json: gpu_count_per_node<=0 and node_memory_gb<512, with partition recovered from queue."
repair_non1337,C:\Users\jmckerra\ObsidianNotes\Main\01-Projects\FRESCO-v4\results\exp078_127_repair_harvest.csv,123,EXP-123_few_shot_repair_non1337_target_only_n100_seed2025,experiments/EXP-123_few_shot_repair_non1337_target_only_n100_seed2025,2026-03-16T23:35:56Z,target_only,100,100,100,2025,anvil,conte,hardware_cpu_standard,EXP-001_regime_matching_baseline,"[0.2, 0.8]",6995,223,100,123,50,True,False,False,0.0335199873333025,-0.0734800126666975,0.0892207422686593,62.24405250767979,0.7530163092319972,,0.0057236036219091,complete,,"Few-shot strategy=target_only, N=100. Calibration set sampled stratified by label quartile. || hardware_cpu_standard uses recovered hardware metadata from config/clusters.json: gpu_count_per_node<=0 and node_memory_gb<512, with partition recovered from queue."
original_valid_seed1337,C:\Users\jmckerra\ObsidianNotes\Main\01-Projects\FRESCO-v4\results\exp003_main_few_shot_summary.csv,72,EXP-072_few_shot_main_target_only_n200_seed1337,/home/jmckerra/Code/FRESCO-v4/experiments/EXP-072_few_shot_main_target_only_n200_seed1337,,target_only,200,200,200,1337,anvil,conte,hardware_cpu_standard,EXP-001_regime_matching_baseline,"[0.2, 0.8]",6995,2459,200,2255,50,True,False,False,0.1339564455271632,0.02695644552716321,0.0816213599191081,74.42312440007083,0.8688153105887585,0.0128840512074059,,complete,,
repair_non1337,C:\Users\jmckerra\ObsidianNotes\Main\01-Projects\FRESCO-v4\results\exp078_127_repair_harvest.csv,124,EXP-124_few_shot_repair_non1337_target_only_n200_seed2024,experiments/EXP-124_few_shot_repair_non1337_target_only_n200_seed2024,2026-03-16T23:37:55Z,target_only,200,200,173,2024,anvil,conte,hardware_cpu_standard,EXP-001_regime_matching_baseline,"[0.2, 0.8]",6995,223,173,50,50,True,False,True,-0.1439529786011655,-0.2509529786011655,0.0868730695980551,60.543794294815534,-0.5518180177436645,,0.0214361931664942,complete,,"Few-shot strategy=target_only, N=200. Calibration set sampled stratified by label quartile. || hardware_cpu_standard uses recovered hardware metadata from config/clusters.json: gpu_count_per_node<=0 and node_memory_gb<512, with partition recovered from queue. || Requested target calibration size 200 was capped to 173 to preserve at least 50 target evaluation rows."
repair_non1337,C:\Users\jmckerra\ObsidianNotes\Main\01-Projects\FRESCO-v4\results\exp078_127_repair_harvest.csv,125,EXP-125_few_shot_repair_non1337_target_only_n200_seed2025,experiments/EXP-125_few_shot_repair_non1337_target_only_n200_seed2025,2026-03-16T23:39:53Z,target_only,200,200,173,2025,anvil,conte,hardware_cpu_standard,EXP-001_regime_matching_baseline,"[0.2, 0.8]",6995,223,173,50,50,True,False,True,0.0646673963834931,-0.0423326036165069,0.0956437207069603,63.51430792042778,1.5703360118973366,,0.0167746332445026,complete,,"Few-shot strategy=target_only, N=200. Calibration set sampled stratified by label quartile. || hardware_cpu_standard uses recovered hardware metadata from config/clusters.json: gpu_count_per_node<=0 and node_memory_gb<512, with partition recovered from queue. || Requested target calibration size 200 was capped to 173 to preserve at least 50 target evaluation rows."
original_valid_seed1337,C:\Users\jmckerra\ObsidianNotes\Main\01-Projects\FRESCO-v4\results\exp003_main_few_shot_summary.csv,75,EXP-075_few_shot_main_target_only_n500_seed1337,/home/jmckerra/Code/FRESCO-v4/experiments/EXP-075_few_shot_main_target_only_n500_seed1337,,target_only,500,500,500,1337,anvil,conte,hardware_cpu_standard,EXP-001_regime_matching_baseline,"[0.2, 0.8]",6995,2459,500,1955,50,True,False,False,0.1055003216789403,-0.001499678321059697,0.0823808991358372,70.33543691142125,0.7437023755050481,0.0292180756984484,,complete,,
repair_non1337,C:\Users\jmckerra\ObsidianNotes\Main\01-Projects\FRESCO-v4\results\exp078_127_repair_harvest.csv,126,EXP-126_few_shot_repair_non1337_target_only_n500_seed2024,experiments/EXP-126_few_shot_repair_non1337_target_only_n500_seed2024,2026-03-16T23:41:57Z,target_only,500,500,173,2024,anvil,conte,hardware_cpu_standard,EXP-001_regime_matching_baseline,"[0.2, 0.8]",6995,223,173,50,50,True,False,True,-0.1439529786011655,-0.2509529786011655,0.0868730695980551,60.543794294815534,-0.5518180177436645,,0.0214361931664942,complete,,"Few-shot strategy=target_only, N=500. Calibration set sampled stratified by label quartile. || hardware_cpu_standard uses recovered hardware metadata from config/clusters.json: gpu_count_per_node<=0 and node_memory_gb<512, with partition recovered from queue. || Requested target calibration size 500 was capped to 173 to preserve at least 50 target evaluation rows."
repair_non1337,C:\Users\jmckerra\ObsidianNotes\Main\01-Projects\FRESCO-v4\results\exp078_127_repair_harvest.csv,127,EXP-127_few_shot_repair_non1337_target_only_n500_seed2025,experiments/EXP-127_few_shot_repair_non1337_target_only_n500_seed2025,2026-03-16T23:43:58Z,target_only,500,500,173,2025,anvil,conte,hardware_cpu_standard,EXP-001_regime_matching_baseline,"[0.2, 0.8]",6995,223,173,50,50,True,False,True,0.0646673963834931,-0.0423326036165069,0.0956437207069603,63.51430792042778,1.5703360118973366,,0.0167746332445026,complete,,"Few-shot strategy=target_only, N=500. Calibration set sampled stratified by label quartile. || hardware_cpu_standard uses recovered hardware metadata from config/clusters.json: gpu_count_per_node<=0 and node_memory_gb<512, with partition recovered from queue. || Requested target calibration size 500 was capped to 173 to preserve at least 50 target evaluation rows."
