exp_num,exp_dir,metrics_exists,strategy,n_target_labels,target_label_seed,actual_cal_n,actual_eval_n,effective_n_target_labels,calibration_n_capped,min_target_eval_rows,min_target_eval_rows_satisfied,overlap_total,target_r2,target_mae_log,target_smape,target_slope,target_bias_log,target_overflow_pred,created_utc,pair_source,pair_target,regime,run_id,overlap,limitations
78,experiments/EXP-078_few_shot_repair_non1337_full_target_seed2024,True,full_target,-1,2024,178,45,178,False,50,False,223,-0.03422358357894639,0.08358771107410265,61.76914980441015,0.9313450184462821,-0.030713149408461485,False,2026-03-16T22:09:25Z,,,hardware_cpu_standard,EXP-078_few_shot_repair_non1337_full_target_seed2024,"{""matched_source_n"": 6995, ""matched_target_n"": 223, ""overlap_band"": [0.2, 0.8], ""run_id"": ""EXP-001_regime_matching_baseline""}","Few-shot strategy=full_target, N=-1. Calibration set sampled stratified by label quartile. || hardware_cpu_standard uses recovered hardware metadata from config/clusters.json: gpu_count_per_node<=0 and node_memory_gb<512, with partition recovered from queue. || Target overlap cohort is smaller than the requested minimum target holdout: actual_eval_n=45 min_target_eval_rows=50."
79,experiments/EXP-079_few_shot_repair_non1337_full_target_seed2025,True,full_target,-1,2025,178,45,178,False,50,False,223,-0.007102291459446297,0.09208734366900079,57.97704180448804,0.5099867895537417,0.010352840835557476,False,2026-03-16T22:11:27Z,,,hardware_cpu_standard,EXP-079_few_shot_repair_non1337_full_target_seed2025,"{""matched_source_n"": 6995, ""matched_target_n"": 223, ""overlap_band"": [0.2, 0.8], ""run_id"": ""EXP-001_regime_matching_baseline""}","Few-shot strategy=full_target, N=-1. Calibration set sampled stratified by label quartile. || hardware_cpu_standard uses recovered hardware metadata from config/clusters.json: gpu_count_per_node<=0 and node_memory_gb<512, with partition recovered from queue. || Target overlap cohort is smaller than the requested minimum target holdout: actual_eval_n=45 min_target_eval_rows=50."
80,experiments/EXP-080_few_shot_repair_non1337_output_recal_n10_seed2024,True,output_recal,10,2024,10,213,10,False,50,True,223,-0.28322011963661176,0.08170526828351068,39.34745923275842,-0.5456428227414275,0.05190431740852947,False,2026-03-16T22:13:38Z,,,hardware_cpu_standard,EXP-080_few_shot_repair_non1337_output_recal_n10_seed2024,"{""matched_source_n"": 6995, ""matched_target_n"": 223, ""overlap_band"": [0.2, 0.8], ""run_id"": ""EXP-001_regime_matching_baseline""}","Few-shot strategy=output_recal, N=10. Calibration set sampled stratified by label quartile. || hardware_cpu_standard uses recovered hardware metadata from config/clusters.json: gpu_count_per_node<=0 and node_memory_gb<512, with partition recovered from queue."
81,experiments/EXP-081_few_shot_repair_non1337_output_recal_n10_seed2025,True,output_recal,10,2025,10,213,10,False,50,True,223,-0.060378008261966265,0.08640459587781761,43.98366019628639,-1.0131606992671132,0.01959967769321282,False,2026-03-16T22:15:42Z,,,hardware_cpu_standard,EXP-081_few_shot_repair_non1337_output_recal_n10_seed2025,"{""matched_source_n"": 6995, ""matched_target_n"": 223, ""overlap_band"": [0.2, 0.8], ""run_id"": ""EXP-001_regime_matching_baseline""}","Few-shot strategy=output_recal, N=10. Calibration set sampled stratified by label quartile. || hardware_cpu_standard uses recovered hardware metadata from config/clusters.json: gpu_count_per_node<=0 and node_memory_gb<512, with partition recovered from queue."
82,experiments/EXP-082_few_shot_repair_non1337_output_recal_n25_seed2024,True,output_recal,25,2024,25,198,25,False,50,True,223,-0.06408999049499298,0.09138853668445547,50.32945306655354,-0.8280411191565221,0.00502034602704635,False,2026-03-16T22:17:43Z,,,hardware_cpu_standard,EXP-082_few_shot_repair_non1337_output_recal_n25_seed2024,"{""matched_source_n"": 6995, ""matched_target_n"": 223, ""overlap_band"": [0.2, 0.8], ""run_id"": ""EXP-001_regime_matching_baseline""}","Few-shot strategy=output_recal, N=25. Calibration set sampled stratified by label quartile. || hardware_cpu_standard uses recovered hardware metadata from config/clusters.json: gpu_count_per_node<=0 and node_memory_gb<512, with partition recovered from queue."
83,experiments/EXP-083_few_shot_repair_non1337_output_recal_n25_seed2025,True,output_recal,25,2025,25,198,25,False,50,True,223,-0.0428652147164561,0.08812071550543044,48.84269360575957,-1.6537702882147116,0.01708826497806081,False,2026-03-16T22:19:45Z,,,hardware_cpu_standard,EXP-083_few_shot_repair_non1337_output_recal_n25_seed2025,"{""matched_source_n"": 6995, ""matched_target_n"": 223, ""overlap_band"": [0.2, 0.8], ""run_id"": ""EXP-001_regime_matching_baseline""}","Few-shot strategy=output_recal, N=25. Calibration set sampled stratified by label quartile. || hardware_cpu_standard uses recovered hardware metadata from config/clusters.json: gpu_count_per_node<=0 and node_memory_gb<512, with partition recovered from queue."
84,experiments/EXP-084_few_shot_repair_non1337_output_recal_n50_seed2024,True,output_recal,50,2024,50,173,50,False,50,True,223,-0.0012189453846431775,0.09246180263186927,63.269983990864965,1.394808989515794,0.011996282761373636,False,2026-03-16T22:21:34Z,,,hardware_cpu_standard,EXP-084_few_shot_repair_non1337_output_recal_n50_seed2024,"{""matched_source_n"": 6995, ""matched_target_n"": 223, ""overlap_band"": [0.2, 0.8], ""run_id"": ""EXP-001_regime_matching_baseline""}","Few-shot strategy=output_recal, N=50. Calibration set sampled stratified by label quartile. || hardware_cpu_standard uses recovered hardware metadata from config/clusters.json: gpu_count_per_node<=0 and node_memory_gb<512, with partition recovered from queue."
85,experiments/EXP-085_few_shot_repair_non1337_output_recal_n50_seed2025,True,output_recal,50,2025,50,173,50,False,50,True,223,0.009087625210095429,0.09222422299333954,68.1020815298269,1.1633571727486618,0.00342619047980457,False,2026-03-16T22:23:21Z,,,hardware_cpu_standard,EXP-085_few_shot_repair_non1337_output_recal_n50_seed2025,"{""matched_source_n"": 6995, ""matched_target_n"": 223, ""overlap_band"": [0.2, 0.8], ""run_id"": ""EXP-001_regime_matching_baseline""}","Few-shot strategy=output_recal, N=50. Calibration set sampled stratified by label quartile. || hardware_cpu_standard uses recovered hardware metadata from config/clusters.json: gpu_count_per_node<=0 and node_memory_gb<512, with partition recovered from queue."
86,experiments/EXP-086_few_shot_repair_non1337_output_recal_n100_seed2024,True,output_recal,100,2024,100,123,100,False,50,True,223,0.009530687467757204,0.09275712917859136,66.95061962412859,3.596451926832285,-0.0021678895816502953,False,2026-03-16T22:25:19Z,,,hardware_cpu_standard,EXP-086_few_shot_repair_non1337_output_recal_n100_seed2024,"{""matched_source_n"": 6995, ""matched_target_n"": 223, ""overlap_band"": [0.2, 0.8], ""run_id"": ""EXP-001_regime_matching_baseline""}","Few-shot strategy=output_recal, N=100. Calibration set sampled stratified by label quartile. || hardware_cpu_standard uses recovered hardware metadata from config/clusters.json: gpu_count_per_node<=0 and node_memory_gb<512, with partition recovered from queue."
87,experiments/EXP-087_few_shot_repair_non1337_output_recal_n100_seed2025,True,output_recal,100,2025,100,123,100,False,50,True,223,-0.03374270803781387,0.09466921256583154,70.72831005039892,0.08950991026666022,0.0064421735944494045,False,2026-03-16T22:27:11Z,,,hardware_cpu_standard,EXP-087_few_shot_repair_non1337_output_recal_n100_seed2025,"{""matched_source_n"": 6995, ""matched_target_n"": 223, ""overlap_band"": [0.2, 0.8], ""run_id"": ""EXP-001_regime_matching_baseline""}","Few-shot strategy=output_recal, N=100. Calibration set sampled stratified by label quartile. || hardware_cpu_standard uses recovered hardware metadata from config/clusters.json: gpu_count_per_node<=0 and node_memory_gb<512, with partition recovered from queue."
88,experiments/EXP-088_few_shot_repair_non1337_output_recal_n200_seed2024,True,output_recal,200,2024,173,50,173,True,50,True,223,-0.3035815507906492,0.10334071426334245,79.34135776434965,-1.8660576252628263,0.0035315598601025743,False,2026-03-16T22:28:50Z,,,hardware_cpu_standard,EXP-088_few_shot_repair_non1337_output_recal_n200_seed2024,"{""matched_source_n"": 6995, ""matched_target_n"": 223, ""overlap_band"": [0.2, 0.8], ""run_id"": ""EXP-001_regime_matching_baseline""}","Few-shot strategy=output_recal, N=200. Calibration set sampled stratified by label quartile. || hardware_cpu_standard uses recovered hardware metadata from config/clusters.json: gpu_count_per_node<=0 and node_memory_gb<512, with partition recovered from queue. || Requested target calibration size 200 was capped to 173 to preserve at least 50 target evaluation rows."
89,experiments/EXP-089_few_shot_repair_non1337_output_recal_n200_seed2025,True,output_recal,200,2025,173,50,173,True,50,True,223,-0.01009598727958938,0.10034733958736941,65.23794133983421,1.9638293985599964,0.020149382449122743,False,2026-03-16T22:30:26Z,,,hardware_cpu_standard,EXP-089_few_shot_repair_non1337_output_recal_n200_seed2025,"{""matched_source_n"": 6995, ""matched_target_n"": 223, ""overlap_band"": [0.2, 0.8], ""run_id"": ""EXP-001_regime_matching_baseline""}","Few-shot strategy=output_recal, N=200. Calibration set sampled stratified by label quartile. || hardware_cpu_standard uses recovered hardware metadata from config/clusters.json: gpu_count_per_node<=0 and node_memory_gb<512, with partition recovered from queue. || Requested target calibration size 200 was capped to 173 to preserve at least 50 target evaluation rows."
90,experiments/EXP-090_few_shot_repair_non1337_output_recal_n500_seed2024,True,output_recal,500,2024,173,50,173,True,50,True,223,-0.3035815507906492,0.10334071426334245,79.34135776434965,-1.8660576252628263,0.0035315598601025743,False,2026-03-16T22:32:10Z,,,hardware_cpu_standard,EXP-090_few_shot_repair_non1337_output_recal_n500_seed2024,"{""matched_source_n"": 6995, ""matched_target_n"": 223, ""overlap_band"": [0.2, 0.8], ""run_id"": ""EXP-001_regime_matching_baseline""}","Few-shot strategy=output_recal, N=500. Calibration set sampled stratified by label quartile. || hardware_cpu_standard uses recovered hardware metadata from config/clusters.json: gpu_count_per_node<=0 and node_memory_gb<512, with partition recovered from queue. || Requested target calibration size 500 was capped to 173 to preserve at least 50 target evaluation rows."
91,experiments/EXP-091_few_shot_repair_non1337_output_recal_n500_seed2025,True,output_recal,500,2025,173,50,173,True,50,True,223,-0.01009598727958938,0.10034733958736941,65.23794133983421,1.9638293985599964,0.020149382449122743,False,2026-03-16T22:33:54Z,,,hardware_cpu_standard,EXP-091_few_shot_repair_non1337_output_recal_n500_seed2025,"{""matched_source_n"": 6995, ""matched_target_n"": 223, ""overlap_band"": [0.2, 0.8], ""run_id"": ""EXP-001_regime_matching_baseline""}","Few-shot strategy=output_recal, N=500. Calibration set sampled stratified by label quartile. || hardware_cpu_standard uses recovered hardware metadata from config/clusters.json: gpu_count_per_node<=0 and node_memory_gb<512, with partition recovered from queue. || Requested target calibration size 500 was capped to 173 to preserve at least 50 target evaluation rows."
92,experiments/EXP-092_few_shot_repair_non1337_fine_tune_n10_seed2024,True,fine_tune,10,2024,10,213,10,False,50,True,223,0.01041695216104166,0.08451048246963613,61.74743758791281,1.2340758344840428,0.022943855428426342,False,2026-03-16T22:35:55Z,,,hardware_cpu_standard,EXP-092_few_shot_repair_non1337_fine_tune_n10_seed2024,"{""matched_source_n"": 6995, ""matched_target_n"": 223, ""overlap_band"": [0.2, 0.8], ""run_id"": ""EXP-001_regime_matching_baseline""}","Few-shot strategy=fine_tune, N=10. Calibration set sampled stratified by label quartile. || hardware_cpu_standard uses recovered hardware metadata from config/clusters.json: gpu_count_per_node<=0 and node_memory_gb<512, with partition recovered from queue."
93,experiments/EXP-093_few_shot_repair_non1337_fine_tune_n10_seed2025,True,fine_tune,10,2025,10,213,10,False,50,True,223,0.007777472432178745,0.09124138615672722,61.81724272280926,2.2436723405492325,0.003924939215964502,False,2026-03-16T22:37:54Z,,,hardware_cpu_standard,EXP-093_few_shot_repair_non1337_fine_tune_n10_seed2025,"{""matched_source_n"": 6995, ""matched_target_n"": 223, ""overlap_band"": [0.2, 0.8], ""run_id"": ""EXP-001_regime_matching_baseline""}","Few-shot strategy=fine_tune, N=10. Calibration set sampled stratified by label quartile. || hardware_cpu_standard uses recovered hardware metadata from config/clusters.json: gpu_count_per_node<=0 and node_memory_gb<512, with partition recovered from queue."
94,experiments/EXP-094_few_shot_repair_non1337_fine_tune_n25_seed2024,True,fine_tune,25,2024,25,198,25,False,50,True,223,0.021326141756034644,0.09211885812375356,66.88082333139738,0.9540693728161914,-0.004102404441477784,False,2026-03-16T22:40:06Z,,,hardware_cpu_standard,EXP-094_few_shot_repair_non1337_fine_tune_n25_seed2024,"{""matched_source_n"": 6995, ""matched_target_n"": 223, ""overlap_band"": [0.2, 0.8], ""run_id"": ""EXP-001_regime_matching_baseline""}","Few-shot strategy=fine_tune, N=25. Calibration set sampled stratified by label quartile. || hardware_cpu_standard uses recovered hardware metadata from config/clusters.json: gpu_count_per_node<=0 and node_memory_gb<512, with partition recovered from queue."
95,experiments/EXP-095_few_shot_repair_non1337_fine_tune_n25_seed2025,True,fine_tune,25,2025,25,198,25,False,50,True,223,0.03306422156521305,0.08899676181804021,64.91941943981902,1.4763539952455438,0.0071839726646870826,False,2026-03-16T22:42:05Z,,,hardware_cpu_standard,EXP-095_few_shot_repair_non1337_fine_tune_n25_seed2025,"{""matched_source_n"": 6995, ""matched_target_n"": 223, ""overlap_band"": [0.2, 0.8], ""run_id"": ""EXP-001_regime_matching_baseline""}","Few-shot strategy=fine_tune, N=25. Calibration set sampled stratified by label quartile. || hardware_cpu_standard uses recovered hardware metadata from config/clusters.json: gpu_count_per_node<=0 and node_memory_gb<512, with partition recovered from queue."
96,experiments/EXP-096_few_shot_repair_non1337_fine_tune_n50_seed2024,True,fine_tune,50,2024,50,173,50,False,50,True,223,-0.013665007083563108,0.09572259359628633,64.36585990035411,-9.002542928977554,0.0027033354412879743,False,2026-03-16T22:44:00Z,,,hardware_cpu_standard,EXP-096_few_shot_repair_non1337_fine_tune_n50_seed2024,"{""matched_source_n"": 6995, ""matched_target_n"": 223, ""overlap_band"": [0.2, 0.8], ""run_id"": ""EXP-001_regime_matching_baseline""}","Few-shot strategy=fine_tune, N=50. Calibration set sampled stratified by label quartile. || hardware_cpu_standard uses recovered hardware metadata from config/clusters.json: gpu_count_per_node<=0 and node_memory_gb<512, with partition recovered from queue."
97,experiments/EXP-097_few_shot_repair_non1337_fine_tune_n50_seed2025,True,fine_tune,50,2025,50,173,50,False,50,True,223,0.033236220007383355,0.09127113049261426,63.63548174570439,3.1758216789947453,-7.398212051776474e-05,False,2026-03-16T22:45:51Z,,,hardware_cpu_standard,EXP-097_few_shot_repair_non1337_fine_tune_n50_seed2025,"{""matched_source_n"": 6995, ""matched_target_n"": 223, ""overlap_band"": [0.2, 0.8], ""run_id"": ""EXP-001_regime_matching_baseline""}","Few-shot strategy=fine_tune, N=50. Calibration set sampled stratified by label quartile. || hardware_cpu_standard uses recovered hardware metadata from config/clusters.json: gpu_count_per_node<=0 and node_memory_gb<512, with partition recovered from queue."
98,experiments/EXP-098_few_shot_repair_non1337_fine_tune_n100_seed2024,True,fine_tune,100,2024,100,123,100,False,50,True,223,0.035644247001294205,0.09163384961043962,62.71534382378993,1.7325958552970606,-0.004772194045205682,False,2026-03-16T22:47:42Z,,,hardware_cpu_standard,EXP-098_few_shot_repair_non1337_fine_tune_n100_seed2024,"{""matched_source_n"": 6995, ""matched_target_n"": 223, ""overlap_band"": [0.2, 0.8], ""run_id"": ""EXP-001_regime_matching_baseline""}","Few-shot strategy=fine_tune, N=100. Calibration set sampled stratified by label quartile. || hardware_cpu_standard uses recovered hardware metadata from config/clusters.json: gpu_count_per_node<=0 and node_memory_gb<512, with partition recovered from queue."
99,experiments/EXP-099_few_shot_repair_non1337_fine_tune_n100_seed2025,True,fine_tune,100,2025,100,123,100,False,50,True,223,0.040612796439272514,0.08915487763007943,64.31499873381166,1.9877278993347756,0.005464803242614836,False,2026-03-16T22:49:38Z,,,hardware_cpu_standard,EXP-099_few_shot_repair_non1337_fine_tune_n100_seed2025,"{""matched_source_n"": 6995, ""matched_target_n"": 223, ""overlap_band"": [0.2, 0.8], ""run_id"": ""EXP-001_regime_matching_baseline""}","Few-shot strategy=fine_tune, N=100. Calibration set sampled stratified by label quartile. || hardware_cpu_standard uses recovered hardware metadata from config/clusters.json: gpu_count_per_node<=0 and node_memory_gb<512, with partition recovered from queue."
100,experiments/EXP-100_few_shot_repair_non1337_fine_tune_n200_seed2024,True,fine_tune,200,2024,173,50,173,True,50,True,223,0.012995364636003814,0.08160365786087354,50.95726177124942,1.4584822449023316,0.014313513882594853,False,2026-03-16T22:52:07Z,,,hardware_cpu_standard,EXP-100_few_shot_repair_non1337_fine_tune_n200_seed2024,"{""matched_source_n"": 6995, ""matched_target_n"": 223, ""overlap_band"": [0.2, 0.8], ""run_id"": ""EXP-001_regime_matching_baseline""}","Few-shot strategy=fine_tune, N=200. Calibration set sampled stratified by label quartile. || hardware_cpu_standard uses recovered hardware metadata from config/clusters.json: gpu_count_per_node<=0 and node_memory_gb<512, with partition recovered from queue. || Requested target calibration size 200 was capped to 173 to preserve at least 50 target evaluation rows."
101,experiments/EXP-101_few_shot_repair_non1337_fine_tune_n200_seed2025,True,fine_tune,200,2025,173,50,173,True,50,True,223,0.02664590453737814,0.09893452220579099,65.2163517188759,2.641058134171101,0.017395837657545404,False,2026-03-16T22:53:54Z,,,hardware_cpu_standard,EXP-101_few_shot_repair_non1337_fine_tune_n200_seed2025,"{""matched_source_n"": 6995, ""matched_target_n"": 223, ""overlap_band"": [0.2, 0.8], ""run_id"": ""EXP-001_regime_matching_baseline""}","Few-shot strategy=fine_tune, N=200. Calibration set sampled stratified by label quartile. || hardware_cpu_standard uses recovered hardware metadata from config/clusters.json: gpu_count_per_node<=0 and node_memory_gb<512, with partition recovered from queue. || Requested target calibration size 200 was capped to 173 to preserve at least 50 target evaluation rows."
102,experiments/EXP-102_few_shot_repair_non1337_fine_tune_n500_seed2024,True,fine_tune,500,2024,173,50,173,True,50,True,223,0.012995364636003814,0.08160365786087354,50.95726177124942,1.4584822449023316,0.014313513882594853,False,2026-03-16T22:55:51Z,,,hardware_cpu_standard,EXP-102_few_shot_repair_non1337_fine_tune_n500_seed2024,"{""matched_source_n"": 6995, ""matched_target_n"": 223, ""overlap_band"": [0.2, 0.8], ""run_id"": ""EXP-001_regime_matching_baseline""}","Few-shot strategy=fine_tune, N=500. Calibration set sampled stratified by label quartile. || hardware_cpu_standard uses recovered hardware metadata from config/clusters.json: gpu_count_per_node<=0 and node_memory_gb<512, with partition recovered from queue. || Requested target calibration size 500 was capped to 173 to preserve at least 50 target evaluation rows."
103,experiments/EXP-103_few_shot_repair_non1337_fine_tune_n500_seed2025,True,fine_tune,500,2025,173,50,173,True,50,True,223,0.02664590453737814,0.09893452220579099,65.2163517188759,2.641058134171101,0.017395837657545404,False,2026-03-16T22:57:40Z,,,hardware_cpu_standard,EXP-103_few_shot_repair_non1337_fine_tune_n500_seed2025,"{""matched_source_n"": 6995, ""matched_target_n"": 223, ""overlap_band"": [0.2, 0.8], ""run_id"": ""EXP-001_regime_matching_baseline""}","Few-shot strategy=fine_tune, N=500. Calibration set sampled stratified by label quartile. || hardware_cpu_standard uses recovered hardware metadata from config/clusters.json: gpu_count_per_node<=0 and node_memory_gb<512, with partition recovered from queue. || Requested target calibration size 500 was capped to 173 to preserve at least 50 target evaluation rows."
104,experiments/EXP-104_few_shot_repair_non1337_stacked_n10_seed2024,True,stacked,10,2024,10,213,10,False,50,True,223,-0.35583012802814085,0.08464917419097714,37.80495980408951,-0.6004211223852178,0.055749104683224186,False,2026-03-16T22:59:32Z,,,hardware_cpu_standard,EXP-104_few_shot_repair_non1337_stacked_n10_seed2024,"{""matched_source_n"": 6995, ""matched_target_n"": 223, ""overlap_band"": [0.2, 0.8], ""run_id"": ""EXP-001_regime_matching_baseline""}","Few-shot strategy=stacked, N=10. Calibration set sampled stratified by label quartile. || hardware_cpu_standard uses recovered hardware metadata from config/clusters.json: gpu_count_per_node<=0 and node_memory_gb<512, with partition recovered from queue."
105,experiments/EXP-105_few_shot_repair_non1337_stacked_n10_seed2025,True,stacked,10,2025,10,213,10,False,50,True,223,-0.13567076874900397,0.08713688229477154,47.764271023121594,-0.9734772778025043,0.02100423880492492,False,2026-03-16T23:01:36Z,,,hardware_cpu_standard,EXP-105_few_shot_repair_non1337_stacked_n10_seed2025,"{""matched_source_n"": 6995, ""matched_target_n"": 223, ""overlap_band"": [0.2, 0.8], ""run_id"": ""EXP-001_regime_matching_baseline""}","Few-shot strategy=stacked, N=10. Calibration set sampled stratified by label quartile. || hardware_cpu_standard uses recovered hardware metadata from config/clusters.json: gpu_count_per_node<=0 and node_memory_gb<512, with partition recovered from queue."
106,experiments/EXP-106_few_shot_repair_non1337_stacked_n25_seed2024,True,stacked,25,2024,25,198,25,False,50,True,223,0.028056655767911165,0.09085307372412435,67.76243140021401,0.7636063775643854,-0.0019242624266550606,False,2026-03-16T23:03:07Z,,,hardware_cpu_standard,EXP-106_few_shot_repair_non1337_stacked_n25_seed2024,"{""matched_source_n"": 6995, ""matched_target_n"": 223, ""overlap_band"": [0.2, 0.8], ""run_id"": ""EXP-001_regime_matching_baseline""}","Few-shot strategy=stacked, N=25. Calibration set sampled stratified by label quartile. || hardware_cpu_standard uses recovered hardware metadata from config/clusters.json: gpu_count_per_node<=0 and node_memory_gb<512, with partition recovered from queue."
107,experiments/EXP-107_few_shot_repair_non1337_stacked_n25_seed2025,True,stacked,25,2025,25,198,25,False,50,True,223,0.020168825840077065,0.08554201472156665,63.545969633076815,1.0175506466663178,0.014945567497196381,False,2026-03-16T23:05:01Z,,,hardware_cpu_standard,EXP-107_few_shot_repair_non1337_stacked_n25_seed2025,"{""matched_source_n"": 6995, ""matched_target_n"": 223, ""overlap_band"": [0.2, 0.8], ""run_id"": ""EXP-001_regime_matching_baseline""}","Few-shot strategy=stacked, N=25. Calibration set sampled stratified by label quartile. || hardware_cpu_standard uses recovered hardware metadata from config/clusters.json: gpu_count_per_node<=0 and node_memory_gb<512, with partition recovered from queue."
108,experiments/EXP-108_few_shot_repair_non1337_stacked_n50_seed2024,True,stacked,50,2024,50,173,50,False,50,True,223,-0.09866826422047059,0.09581412739899198,64.73907166617082,-1.4269389466038362,0.013470486791323363,False,2026-03-16T23:06:30Z,,,hardware_cpu_standard,EXP-108_few_shot_repair_non1337_stacked_n50_seed2024,"{""matched_source_n"": 6995, ""matched_target_n"": 223, ""overlap_band"": [0.2, 0.8], ""run_id"": ""EXP-001_regime_matching_baseline""}","Few-shot strategy=stacked, N=50. Calibration set sampled stratified by label quartile. || hardware_cpu_standard uses recovered hardware metadata from config/clusters.json: gpu_count_per_node<=0 and node_memory_gb<512, with partition recovered from queue."
109,experiments/EXP-109_few_shot_repair_non1337_stacked_n50_seed2025,True,stacked,50,2025,50,173,50,False,50,True,223,0.06412089744632343,0.08802927540873166,64.36484781049472,2.430886959228408,0.005475329631623567,False,2026-03-16T23:08:13Z,,,hardware_cpu_standard,EXP-109_few_shot_repair_non1337_stacked_n50_seed2025,"{""matched_source_n"": 6995, ""matched_target_n"": 223, ""overlap_band"": [0.2, 0.8], ""run_id"": ""EXP-001_regime_matching_baseline""}","Few-shot strategy=stacked, N=50. Calibration set sampled stratified by label quartile. || hardware_cpu_standard uses recovered hardware metadata from config/clusters.json: gpu_count_per_node<=0 and node_memory_gb<512, with partition recovered from queue."
110,experiments/EXP-110_few_shot_repair_non1337_stacked_n100_seed2024,True,stacked,100,2024,100,123,100,False,50,True,223,0.08313245207402398,0.08946332412124147,66.10745215040214,1.3559436689375952,-0.006089176748011252,False,2026-03-16T23:09:31Z,,,hardware_cpu_standard,EXP-110_few_shot_repair_non1337_stacked_n100_seed2024,"{""matched_source_n"": 6995, ""matched_target_n"": 223, ""overlap_band"": [0.2, 0.8], ""run_id"": ""EXP-001_regime_matching_baseline""}","Few-shot strategy=stacked, N=100. Calibration set sampled stratified by label quartile. || hardware_cpu_standard uses recovered hardware metadata from config/clusters.json: gpu_count_per_node<=0 and node_memory_gb<512, with partition recovered from queue."
111,experiments/EXP-111_few_shot_repair_non1337_stacked_n100_seed2025,True,stacked,100,2025,100,123,100,False,50,True,223,0.03951192095364542,0.08879276676558026,64.84586588771782,0.770900088129852,0.00588653498583589,False,2026-03-16T23:11:38Z,,,hardware_cpu_standard,EXP-111_few_shot_repair_non1337_stacked_n100_seed2025,"{""matched_source_n"": 6995, ""matched_target_n"": 223, ""overlap_band"": [0.2, 0.8], ""run_id"": ""EXP-001_regime_matching_baseline""}","Few-shot strategy=stacked, N=100. Calibration set sampled stratified by label quartile. || hardware_cpu_standard uses recovered hardware metadata from config/clusters.json: gpu_count_per_node<=0 and node_memory_gb<512, with partition recovered from queue."
112,experiments/EXP-112_few_shot_repair_non1337_stacked_n200_seed2024,True,stacked,200,2024,173,50,173,True,50,True,223,-0.13014011944936965,0.08526959036743513,61.02334877878546,-0.02813889517518004,0.023618290919710266,False,2026-03-16T23:13:46Z,,,hardware_cpu_standard,EXP-112_few_shot_repair_non1337_stacked_n200_seed2024,"{""matched_source_n"": 6995, ""matched_target_n"": 223, ""overlap_band"": [0.2, 0.8], ""run_id"": ""EXP-001_regime_matching_baseline""}","Few-shot strategy=stacked, N=200. Calibration set sampled stratified by label quartile. || hardware_cpu_standard uses recovered hardware metadata from config/clusters.json: gpu_count_per_node<=0 and node_memory_gb<512, with partition recovered from queue. || Requested target calibration size 200 was capped to 173 to preserve at least 50 target evaluation rows."
113,experiments/EXP-113_few_shot_repair_non1337_stacked_n200_seed2025,True,stacked,200,2025,173,50,173,True,50,True,223,0.07360335742034863,0.09582475113007473,68.24742168805902,1.6028226709233742,0.01563570581867009,False,2026-03-16T23:15:45Z,,,hardware_cpu_standard,EXP-113_few_shot_repair_non1337_stacked_n200_seed2025,"{""matched_source_n"": 6995, ""matched_target_n"": 223, ""overlap_band"": [0.2, 0.8], ""run_id"": ""EXP-001_regime_matching_baseline""}","Few-shot strategy=stacked, N=200. Calibration set sampled stratified by label quartile. || hardware_cpu_standard uses recovered hardware metadata from config/clusters.json: gpu_count_per_node<=0 and node_memory_gb<512, with partition recovered from queue. || Requested target calibration size 200 was capped to 173 to preserve at least 50 target evaluation rows."
114,experiments/EXP-114_few_shot_repair_non1337_stacked_n500_seed2024,True,stacked,500,2024,173,50,173,True,50,True,223,-0.13014011944936965,0.08526959036743513,61.02334877878546,-0.02813889517518004,0.023618290919710266,False,2026-03-16T23:17:48Z,,,hardware_cpu_standard,EXP-114_few_shot_repair_non1337_stacked_n500_seed2024,"{""matched_source_n"": 6995, ""matched_target_n"": 223, ""overlap_band"": [0.2, 0.8], ""run_id"": ""EXP-001_regime_matching_baseline""}","Few-shot strategy=stacked, N=500. Calibration set sampled stratified by label quartile. || hardware_cpu_standard uses recovered hardware metadata from config/clusters.json: gpu_count_per_node<=0 and node_memory_gb<512, with partition recovered from queue. || Requested target calibration size 500 was capped to 173 to preserve at least 50 target evaluation rows."
115,experiments/EXP-115_few_shot_repair_non1337_stacked_n500_seed2025,True,stacked,500,2025,173,50,173,True,50,True,223,0.07360335742034863,0.09582475113007473,68.24742168805902,1.6028226709233742,0.01563570581867009,False,2026-03-16T23:19:56Z,,,hardware_cpu_standard,EXP-115_few_shot_repair_non1337_stacked_n500_seed2025,"{""matched_source_n"": 6995, ""matched_target_n"": 223, ""overlap_band"": [0.2, 0.8], ""run_id"": ""EXP-001_regime_matching_baseline""}","Few-shot strategy=stacked, N=500. Calibration set sampled stratified by label quartile. || hardware_cpu_standard uses recovered hardware metadata from config/clusters.json: gpu_count_per_node<=0 and node_memory_gb<512, with partition recovered from queue. || Requested target calibration size 500 was capped to 173 to preserve at least 50 target evaluation rows."
116,experiments/EXP-116_few_shot_repair_non1337_target_only_n10_seed2024,True,target_only,10,2024,10,213,10,False,50,True,223,-0.32936319254708724,0.08359003234016733,37.89450358710678,-0.5810901038618753,0.05458281633629302,False,2026-03-16T23:21:56Z,,,hardware_cpu_standard,EXP-116_few_shot_repair_non1337_target_only_n10_seed2024,"{""matched_source_n"": 6995, ""matched_target_n"": 223, ""overlap_band"": [0.2, 0.8], ""run_id"": ""EXP-001_regime_matching_baseline""}","Few-shot strategy=target_only, N=10. Calibration set sampled stratified by label quartile. || hardware_cpu_standard uses recovered hardware metadata from config/clusters.json: gpu_count_per_node<=0 and node_memory_gb<512, with partition recovered from queue."
117,experiments/EXP-117_few_shot_repair_non1337_target_only_n10_seed2025,True,target_only,10,2025,10,213,10,False,50,True,223,-0.1784149251453604,0.08672260186109247,46.72347464297171,-0.8378492261954107,0.023286971572687318,False,2026-03-16T23:23:59Z,,,hardware_cpu_standard,EXP-117_few_shot_repair_non1337_target_only_n10_seed2025,"{""matched_source_n"": 6995, ""matched_target_n"": 223, ""overlap_band"": [0.2, 0.8], ""run_id"": ""EXP-001_regime_matching_baseline""}","Few-shot strategy=target_only, N=10. Calibration set sampled stratified by label quartile. || hardware_cpu_standard uses recovered hardware metadata from config/clusters.json: gpu_count_per_node<=0 and node_memory_gb<512, with partition recovered from queue."
118,experiments/EXP-118_few_shot_repair_non1337_target_only_n25_seed2024,True,target_only,25,2024,25,198,25,False,50,True,223,0.017669930115083887,0.09047942925214787,66.93770888578383,0.6753195437565613,-0.0015841185310409764,False,2026-03-16T23:26:01Z,,,hardware_cpu_standard,EXP-118_few_shot_repair_non1337_target_only_n25_seed2024,"{""matched_source_n"": 6995, ""matched_target_n"": 223, ""overlap_band"": [0.2, 0.8], ""run_id"": ""EXP-001_regime_matching_baseline""}","Few-shot strategy=target_only, N=25. Calibration set sampled stratified by label quartile. || hardware_cpu_standard uses recovered hardware metadata from config/clusters.json: gpu_count_per_node<=0 and node_memory_gb<512, with partition recovered from queue."
119,experiments/EXP-119_few_shot_repair_non1337_target_only_n25_seed2025,True,target_only,25,2025,25,198,25,False,50,True,223,0.020354383002380017,0.08554219669694493,63.53019413116456,1.0207158597340085,0.014949898407831454,False,2026-03-16T23:28:06Z,,,hardware_cpu_standard,EXP-119_few_shot_repair_non1337_target_only_n25_seed2025,"{""matched_source_n"": 6995, ""matched_target_n"": 223, ""overlap_band"": [0.2, 0.8], ""run_id"": ""EXP-001_regime_matching_baseline""}","Few-shot strategy=target_only, N=25. Calibration set sampled stratified by label quartile. || hardware_cpu_standard uses recovered hardware metadata from config/clusters.json: gpu_count_per_node<=0 and node_memory_gb<512, with partition recovered from queue."
120,experiments/EXP-120_few_shot_repair_non1337_target_only_n50_seed2024,True,target_only,50,2024,50,173,50,False,50,True,223,-0.1215917392721253,0.0970470789756254,65.9861178664441,-1.6653300604530628,0.012141889899935355,False,2026-03-16T23:30:08Z,,,hardware_cpu_standard,EXP-120_few_shot_repair_non1337_target_only_n50_seed2024,"{""matched_source_n"": 6995, ""matched_target_n"": 223, ""overlap_band"": [0.2, 0.8], ""run_id"": ""EXP-001_regime_matching_baseline""}","Few-shot strategy=target_only, N=50. Calibration set sampled stratified by label quartile. || hardware_cpu_standard uses recovered hardware metadata from config/clusters.json: gpu_count_per_node<=0 and node_memory_gb<512, with partition recovered from queue."
121,experiments/EXP-121_few_shot_repair_non1337_target_only_n50_seed2025,True,target_only,50,2025,50,173,50,False,50,True,223,0.053360220693175475,0.08921974043871153,65.09163336111389,2.8151498904246957,0.004133686493511963,False,2026-03-16T23:32:05Z,,,hardware_cpu_standard,EXP-121_few_shot_repair_non1337_target_only_n50_seed2025,"{""matched_source_n"": 6995, ""matched_target_n"": 223, ""overlap_band"": [0.2, 0.8], ""run_id"": ""EXP-001_regime_matching_baseline""}","Few-shot strategy=target_only, N=50. Calibration set sampled stratified by label quartile. || hardware_cpu_standard uses recovered hardware metadata from config/clusters.json: gpu_count_per_node<=0 and node_memory_gb<512, with partition recovered from queue."
122,experiments/EXP-122_few_shot_repair_non1337_target_only_n100_seed2024,True,target_only,100,2024,100,123,100,False,50,True,223,0.07359720510781909,0.0899438227300826,64.2159078337093,1.2760724367579175,-0.006291428970370022,False,2026-03-16T23:34:02Z,,,hardware_cpu_standard,EXP-122_few_shot_repair_non1337_target_only_n100_seed2024,"{""matched_source_n"": 6995, ""matched_target_n"": 223, ""overlap_band"": [0.2, 0.8], ""run_id"": ""EXP-001_regime_matching_baseline""}","Few-shot strategy=target_only, N=100. Calibration set sampled stratified by label quartile. || hardware_cpu_standard uses recovered hardware metadata from config/clusters.json: gpu_count_per_node<=0 and node_memory_gb<512, with partition recovered from queue."
123,experiments/EXP-123_few_shot_repair_non1337_target_only_n100_seed2025,True,target_only,100,2025,100,123,100,False,50,True,223,0.033519987333302526,0.08922074226865938,62.24405250767979,0.7530163092319972,0.005723603621909182,False,2026-03-16T23:35:56Z,,,hardware_cpu_standard,EXP-123_few_shot_repair_non1337_target_only_n100_seed2025,"{""matched_source_n"": 6995, ""matched_target_n"": 223, ""overlap_band"": [0.2, 0.8], ""run_id"": ""EXP-001_regime_matching_baseline""}","Few-shot strategy=target_only, N=100. Calibration set sampled stratified by label quartile. || hardware_cpu_standard uses recovered hardware metadata from config/clusters.json: gpu_count_per_node<=0 and node_memory_gb<512, with partition recovered from queue."
124,experiments/EXP-124_few_shot_repair_non1337_target_only_n200_seed2024,True,target_only,200,2024,173,50,173,True,50,True,223,-0.14395297860116552,0.08687306959805513,60.543794294815534,-0.5518180177436645,0.021436193166494283,False,2026-03-16T23:37:55Z,,,hardware_cpu_standard,EXP-124_few_shot_repair_non1337_target_only_n200_seed2024,"{""matched_source_n"": 6995, ""matched_target_n"": 223, ""overlap_band"": [0.2, 0.8], ""run_id"": ""EXP-001_regime_matching_baseline""}","Few-shot strategy=target_only, N=200. Calibration set sampled stratified by label quartile. || hardware_cpu_standard uses recovered hardware metadata from config/clusters.json: gpu_count_per_node<=0 and node_memory_gb<512, with partition recovered from queue. || Requested target calibration size 200 was capped to 173 to preserve at least 50 target evaluation rows."
125,experiments/EXP-125_few_shot_repair_non1337_target_only_n200_seed2025,True,target_only,200,2025,173,50,173,True,50,True,223,0.06466739638349317,0.0956437207069603,63.51430792042778,1.5703360118973366,0.016774633244502644,False,2026-03-16T23:39:53Z,,,hardware_cpu_standard,EXP-125_few_shot_repair_non1337_target_only_n200_seed2025,"{""matched_source_n"": 6995, ""matched_target_n"": 223, ""overlap_band"": [0.2, 0.8], ""run_id"": ""EXP-001_regime_matching_baseline""}","Few-shot strategy=target_only, N=200. Calibration set sampled stratified by label quartile. || hardware_cpu_standard uses recovered hardware metadata from config/clusters.json: gpu_count_per_node<=0 and node_memory_gb<512, with partition recovered from queue. || Requested target calibration size 200 was capped to 173 to preserve at least 50 target evaluation rows."
126,experiments/EXP-126_few_shot_repair_non1337_target_only_n500_seed2024,True,target_only,500,2024,173,50,173,True,50,True,223,-0.14395297860116552,0.08687306959805513,60.543794294815534,-0.5518180177436645,0.021436193166494283,False,2026-03-16T23:41:57Z,,,hardware_cpu_standard,EXP-126_few_shot_repair_non1337_target_only_n500_seed2024,"{""matched_source_n"": 6995, ""matched_target_n"": 223, ""overlap_band"": [0.2, 0.8], ""run_id"": ""EXP-001_regime_matching_baseline""}","Few-shot strategy=target_only, N=500. Calibration set sampled stratified by label quartile. || hardware_cpu_standard uses recovered hardware metadata from config/clusters.json: gpu_count_per_node<=0 and node_memory_gb<512, with partition recovered from queue. || Requested target calibration size 500 was capped to 173 to preserve at least 50 target evaluation rows."
127,experiments/EXP-127_few_shot_repair_non1337_target_only_n500_seed2025,True,target_only,500,2025,173,50,173,True,50,True,223,0.06466739638349317,0.0956437207069603,63.51430792042778,1.5703360118973366,0.016774633244502644,False,2026-03-16T23:43:58Z,,,hardware_cpu_standard,EXP-127_few_shot_repair_non1337_target_only_n500_seed2025,"{""matched_source_n"": 6995, ""matched_target_n"": 223, ""overlap_band"": [0.2, 0.8], ""run_id"": ""EXP-001_regime_matching_baseline""}","Few-shot strategy=target_only, N=500. Calibration set sampled stratified by label quartile. || hardware_cpu_standard uses recovered hardware metadata from config/clusters.json: gpu_count_per_node<=0 and node_memory_gb<512, with partition recovered from queue. || Requested target calibration size 500 was capped to 173 to preserve at least 50 target evaluation rows."
